anzahl;vorname;geschlecht
55;Ali;m
54;Sophie;w
48;Marie;w
37;Elias;m
33;Charlotte;w
33;Mia;w
29;Alexander;m
29;Elif;w
29;Maria;w
26;Leon;m
26;Noah;m
24;Maximilian;m
23;Emma;w
22;Paul;m
22;Emilia;w
22;Mira;w
21;Finn;m
20;Louis;m
20;Sophia;w
19;Elisabeth;w
18;Jakob;m
17;Jonas;m
17;Hannah;w
16;Karl;m
16;Luca;m
16;Ella;w
16;Johanna;w
15;David;m
15;Emil;m
15;Anna;w
15;Hamza;m
15;Elena;w
15;Muhammed;m
15;Melina;w
15;Nur;w
14;Adam;m
14;Ahmad;m
14;Clara;w
14;Ben;m
14;Emily;w
14;Benjamin;m
14;Lara;w
14;Daniel;m
14;Laura;w
14;Joel;m
14;Sara;w
14;Julian;m
14;Leo;m
13;Mila;w
13;Sofia;w
13;Emir;m
13;Ibrahim;m
13;Max;m
13;Tim;m
13;Yusuf;m
12;Lena;w
12;Lina;w
12;Luisa;w
12;Mina;w
12;Amir;m
12;Felix;m
12;Liam;m
12;Mohamad;m
12;Niklas;m
12;Vincent;m
11;Azra;w
11;Ela;w
11;Leni;w
11;Olivia;w
11;Zoe;w
11;Leonard;m
11;Miran;m
11;Samuel;m
11;Valentin;m
11;Yiğit;m
10;Elisa;w
10;Greta;w
10;Hanna;w
10;Jasmin;w
10;Leonie;w
10;Mathilda;w
10;Sarah;w
10;Adrian;m
10;Anton;m
10;Christian;m
10;Henry;m
10;Jonathan;m
10;Michael;m
10;Mohammad;m
10;Mustafa;m
10;Omar;m
9;Amy;w
9;Antonia;w
9;Helena;w
9;Isabella;w
9;Lea;w
9;Lilly;w
9;Lisa;w
9;Liya;w
9;Luise;w
9;Emilio;m
9;Nele;w
9;Fabian;m
9;Pauline;w
9;Hassan;m
9;Hussein;m
9;Jan;m
9;Johann;m
9;Lucas;m
9;Lukas;m
9;Maxim;m
9;Mohamed;m
9;Moritz;m
9;Oskar;m
9;Simon;m
9;Yasin;m
8;Amelie;w
8;Amina;w
8;Frieda;w
8;Maja;w
8;Matilda;w
8;Maya;w
8;Abdullah;m
8;Berat;m
8;Can;m
8;Christopher;m
8;Elyas;m
8;Emanuel;m
8;Frederik;m
8;Friedrich;m
8;Gabriel;m
8;Jayden;m
8;Matteo;m
8;Milan;m
8;Raphael;m
8;Tom;m
8;Youssef;m
7;Ida;w
7;Julie;w
7;Katharina;w
7;Lia;w
7;Marlene;w
7;Maryam;w
7;Medina;w
7;Miray;w
7;Paulina;w
7;Valentina;w
7;Victoria;w
7;Zeynep;w
7;Amin;m
7;Dean;m
7;Dennis;m
7;Ensar;m
7;Florian;m
7;Kaan;m
7;Karim;m
7;Linus;m
7;Luis;m
7;Mika;m
7;Milo;m
7;Nils;m
7;Rafael;m
7;Theodor;m
7;William;m
6;Elin;w
6;Finja;w
6;Isabell;w
6;Jana;w
6;Lou;w
6;Louisa;w
6;Mariam;w
6;Masal;w
6;Meryem;w
6;Miriam;w
6;Nisa;w
6;Rose;w
6;Sofie;w
6;Yasmin;w
6;Ahmed;m
6;Bennet;m
6;Bruno;m
6;Constantin;m
6;Dominik;m
6;Emre;m
6;Enes;m
6;Eren;m
6;Frank;m
6;Fritz;m
6;Fynn;m
6;Ilyas;m
6;Johannes;m
6;Junis;m
6;Lion;m
6;Marcel;m
6;Marvin;m
6;Mohammed;m
6;Muhammad;m
6;Oliver;m
6;Peter;m
6;Poyraz;m
6;Richard;m
6;Taha;m
6;Toni;m
6;Willi;m
5;Alexandra;w
5;Amilia;w
5;Anastasia;w
5;Anouk;w
5;Aurelia;w
5;Carlotta;w
5;Cecilia;w
5;Christina;w
5;Fabienne;w
5;Fatma;w
5;Flora;w
5;Havin;w
5;Josephine;w
5;Lotta;w
5;Malia;w
5;Melisa;w
5;Milena;w
5;Paula;w
5;Rosa;w
5;Thea;w
5;Vanessa;w
5;Viktoria;w
5;Yasmina;w
5;Zehra;w
5;Aras;m
5;Arthur;m
5;Damian;m
5;Efe;m
5;Emin;m
5;Hannes;m
5;Hasan;m
5;Ivan;m
5;Jad;m
5;Joshua;m
5;Khaled;m
5;Konstantin;m
5;Lasse;m
5;Leandro;m
5;Levin;m
5;Luke;m
5;Marlon;m
5;Mateo;m
5;Mats;m
5;Mert;m
5;Philipp;m
5;Piet;m
5;René;m
5;Robert;m
5;Sam;m
5;Sami;m
5;Sebastian;m
5;Thomas;m
5;Tristan;m
5;Uwe;m
5;Viktor;m
5;Ömer;m
4;Alina;w
4;Amira;w
4;Andreea;w
4;Asya;w
4;Aurora;w
4;Debora;w
4;Diana;w
4;Elina;w
4;Elli;w
4;Eslem;w
4;Estelle;w
4;Eva;w
4;Helene;w
4;Helin;w
4;Ilayda;w
4;Juna;w
4;Larissa;w
4;Linda;w
4;Livia;w
4;Lotte;w
4;Mai;w
4;Malak;w
4;Mara;w
4;Marleen;w
4;Noa;w
4;Nora;w
4;Rosalie;w
4;Su;w
4;Talia;w
4;Theresa;w
4;Tuana;w
4;Yaren;w
4;Alan;m
4;Albert;m
4;Andrei;m
4;Arda;m
4;Arvid;m
4;Bastian;m
4;Bela;m
4;Bilal;m
4;Burak;m
4;Emirhan;m
4;Eric;m
4;Erik;m
4;Ferdinand;m
4;Georg;m
4;Halil;m
4;Hans;m
4;Hüseyin;m
4;Jamie;m
4;Jannik;m
4;John;m
4;Jona;m
4;Julius;m
4;Kerim;m
4;Kevin;m
4;Leander;m
4;Leonardo;m
4;Leopold;m
4;Lias;m
4;Lio;m
4;Luka;m
4;Maria;m
4;Mark;m
4;Martin;m
4;Matti;m
4;Mehmet;m
4;Mikail;m
4;Musa;m
4;Nicklas;m
4;Niclas;m
4;Noel;m
4;Oscar;m
4;Patrick;m
4;Phil;m
4;Philip;m
4;Said;m
4;Timur;m
4;Tobias;m
4;Tony;m
4;Yakup;m
4;Yassin;m
3;Ada;w
3;Adele;w
3;Aisha;w
3;Alice;w
3;Alicja;w
3;Aliya;w
3;Alma;w
3;Amani;w
3;Anais;w
3;Anh;w
3;Anja;w
3;Annabelle;w
3;Asmin;w
3;Aylin;w
3;Berfin;w
3;Betty;w
3;Buğlem;w
3;Carla;w
3;Cataleya;w
3;Damla;w
3;Daria;w
3;Defne;w
3;Ecrin;w
3;Eda;w
3;Elaina;w
3;Elanur;w
3;Elise;w
3;Elizabeth;w
3;Emelie;w
3;Emely;w
3;Emine;w
3;Esma;w
3;Fatima;w
3;Frida;w
3;Grace;w
3;Hanin;w
3;Havva;w
3;Hira;w
3;Huda;w
3;İrem;w
3;Janina;w
3;Jelena;w
3;Jolien;w
3;Joline;w
3;Katrin;w
3;Kim;w
3;Kimberly;w
3;Klara;w
3;Leen;w
3;Lenia;w
3;Leonora;w
3;Leyla;w
3;Lily;w
3;Louise;w
3;Lucia;w
3;Lynn;w
3;Maila;w
3;Manessa;w
3;Marija;w
3;Marina;w
3;Marla;w
3;Martha;w
3;Alessio;m
3;Melissa;w
3;Alvar;m
3;Merve;w
3;Andreas;m
3;Mona;w
3;Andrew;m
3;Monika;w
3;Angelo;m
3;Naomi;w
3;Bernd;m
3;Narin;w
3;Caspar;m
3;Natalia;w
3;Cemil;m
3;Nehir;w
3;Clemens;m
3;Nina;w
3;Colin;m
3;Nour;w
3;Dejan;m
3;Pia;w
3;Denis;m
3;Romy;w
3;Deniz;m
3;Ruth;w
3;Eymen;m
3;Sahra;w
3;Filip;m
3;Samantha;w
3;Hadi;m
3;Selma;w
3;Hagen;m
3;Sena;w
3;Harun;m
3;Sibel;w
3;Heinrich;m
3;Stella;w
3;Herbert;m
3;Tilda;w
3;Jakub;m
3;Valerie;w
3;Jason;m
3;Veronika;w
3;Johnny;m
3;Yuna;w
3;Jordan;m
3;Zahraa;w
3;Juri;m
3;Zainab;w
3;Karsten;m
3;Zoey;w
3;Kenan;m
3;Zoé;w
3;Kerem;m
3;Kilian;m
3;Kurt;m
3;Kuzey;m
3;Lennard;m
3;Lennox;m
3;Levi;m
3;Lian;m
3;Lionel;m
3;Logan;m
3;Luiz;m
3;Mahmoud;m
3;Malik;m
3;Mario;m
3;Matthias;m
3;Merdan;m
3;Merlin;m
3;Mike;m
3;Mio;m
3;Muhamed;m
3;Murat;m
3;Nikolas;m
3;Noam;m
3;Osman;m
3;Otto;m
3;Pascal;m
3;Pepe;m
3;Quinn;m
3;Robin;m
3;Roger;m
3;Roman;m
3;Selim;m
3;Thore;m
3;Timo;m
3;Tyler;m
3;Vasilije;m
3;Victor;m
3;Yannik;m
3;Younes;m
3;Yunus;m
3;Çinar;m
2;Adamma;w
2;Ahsen;w
2;Aischa;w
2;Albana;w
2;Alena;w
2;Alessia;w
2;Aleyna;w
2;Alicia;w
2;Aliyah;w
2;Amalia;w
2;Amelia;w
2;Amélie;w
2;Annika;w
2;Aria;w
2;Arin;w
2;Ava;w
2;Aysu;w
2;Badia;w
2;Batul;w
2;Beatrice;w
2;Beren;w
2;Bettina;w
2;Beyza;w
2;Cansu;w
2;Celeste;w
2;Ceren;w
2;Ceyda;w
2;Ceylin;w
2;Chi;w
2;Christiane;w
2;Cristina;w
2;Dalia;w
2;Delal;w
2;Derya;w
2;Dilara;w
2;Dorothea;w
2;Ece;w
2;Eftelya;w
2;Elea;w
2;Eleni;w
2;Elida;w
2;Aaron;m
2;Elissa;w
2;Abbas;m
2;Elsa;w
2;Adil;m
2;Emilie;w
2;Aleksandar;m
2;Emmi;w
2;Alen;m
2;Emmy;w
2;Alessandro;m
2;Erva;w
2;Alex;m
2;Esila;w
2;Almir;m
2;Esmanur;w
2;Ammar;m
2;Eve;w
2;Anas;m
2;Eveline;w
2;Anh;m
2;Evin;w
2;Antoine;m
2;Eylül;w
2;Antoni;m
2;Ezgi;w
2;Arian;m
2;Felizitas;w
2;Arijan;m
2;Filipova;w
2;Armando;m
2;Finnja;w
2;Ashraf;m
2;Fiona;w
2;August;m
2;Florentine;w
2;Aurelio;m
2;Friederike;w
2;Ayaz;m
2;Gabriela;w
2;Bao;m
2;Gül;w
2;Batu;m
2;Hanni;w
2;Benedikt;m
2;Hatice;w
2;Cahit;m
2;Heidi;w
2;Carl;m
2;Helen;w
2;Charles;m
2;Helga;w
2;Charly;m
2;Hilal;w
2;Christoph;m
2;Hope;w
2;Cihan;m
2;Hélène;w
2;Damon;m
2;Iman;w
2;Danil;m
2;Irma;w
2;Danilo;m
2;Isabel;w
2;Dario;m
2;Ivanova;w
2;Darko;m
2;Jamila;w
2;Detlef;m
2;Jane;w
2;Devin;m
2;Janine;w
2;Devrim;m
2;Jara;w
2;Diego;m
2;Jenny;w
2;Diyar;m
2;Jolie;w
2;Dylan;m
2;Jolina;w
2;Edem;m
2;Jonna;w
2;Eduard;m
2;Joyce;w
2;Edward;m
2;Julia;w
2;Ege;m
2;Juliana;w
2;Elian;m
2;Karla;w
2;Emilian;m
2;Karlotta;w
2;Erdem;m
2;Kassandra;w
2;Eyad;m
2;Kathleen;w
2;Fiete;m
2;Kevser;w
2;Fridolin;m
2;Laila;w
2;Glenn;m
2;Lamar;w
2;Güney;m
2;Lavinia;w
2;Han;m
2;Layal;w
2;Hanno;m
2;Layan;w
2;Henning;m
2;Layla;w
2;İbrahim;m
2;Lea-Sophie;w
2;Imran;m
2;Leena;w
2;Ismail;m
2;Lene;w
2;Issam;m
2;Lien;w
2;Iven;m
2;Lijana;w
2;Jacob;m
2;Liliana;w
2;Jamal;m
2;Lilli;w
2;Jannes;m
2;Linnea;w
2;Jannis;m
2;Liyana;w
2;Jasper;m
2;Liz;w
2;Jeffrey;m
2;Lola;w
2;Jeremy;m
2;Lu;w
2;Jerome;m
2;Lucy;w
2;Jesper;m
2;Madita;w
2;Johan;m
2;Magda;w
2;Joris;m
2;Magdalena;w
2;Josef;m
2;Maggie;w
2;Jules;m
2;Malina;w
2;Julien;m
2;Malou;w
2;Justus;m
2;Marlen;w
2;Jürgen;m
2;Marta;w
2;Kacper;m
2;Martina;w
2;Kai;m
2;Maryana;w
2;Khadir;m
2;Mayla;w
2;Kian;m
2;Megan;w
2;Konstantinos;m
2;Melanie;w
2;Lazar;m
2;Melia;w
2;Ledion;m
2;Meliha;w
2;Lennart;m
2;Meriam;w
2;Lenny;m
2;Merle;w
2;Leonas;m
2;Meta;w
2;Leonidas;m
2;Michaela;w
2;Levent;m
2;Michelle;w
2;Liron;m
2;Milkova;w
2;Liyan;m
2;Milla;w
2;Lorenz;m
2;Minel;w
2;Louie;m
2;Minze;w
2;Luan;m
2;Naima;w
2;Lui;m
2;Naina;w
2;Lutz;m
2;Nelly;w
2;Mads;m
2;Nike;w
2;Mahdi;m
2;Nikolaeva;w
2;Malte;m
2;Nikolina;w
2;Manuel;m
2;Nives;w
2;Marcus;m
2;Palina;w
2;Marek;m
2;Pina;w
2;Marius;m
2;Polly;w
2;Marko;m
2;Raisa;w
2;Matei;m
2;Rana;w
2;Matheo;m
2;Rebeca;w
2;Mattis;m
2;Rebecca;w
2;Maximo;m
2;Rita;w
2;Milian;m
2;Rojin;w
2;Mirac;m
2;Rosemarie;w
2;Miraç;m
2;Saliha;w
2;Miron;m
2;Selin;w
2;Mirza;m
2;Shabanova;w
2;Moussa;m
2;Stefanie;w
2;Munir;m
2;Susanne;w
2;Nedim;m
2;Tabea;w
2;Neo;m
2;Tala;w
2;Nico;m
2;Tamara;w
2;Nicolas;m
2;Valeria;w
2;Niko;m
2;Vera;w
2;Nino;m
2;Yağmur;w
2;Nuka;m
2;Zahide;w
2;Nuri;m
2;Zahra;w
2;Ozan;m
2;Zelal;w
2;oğlu;m
2;Zora;w
2;Peer;m
2;Şura;w
2;Pit;m
2;Ragnar;m
2;Raul;m
2;Rayyan;m
2;Rocco;m
2;Romeo;m
2;Ron;m
2;Ryan;m
2;Ryszard;m
2;Sadek;m
2;Samir;m
2;Seymur;m
2;Silas;m
2;Stefan;m
2;Sven;m
2;Tahsin;m
2;Talha;m
2;Tayfun;m
2;Taylor;m
2;Theo;m
2;Thorin;m
2;Tiago;m
2;Til;m
2;Till;m
2;Umut;m
2;Valentino;m
2;Vincenzo;m
2;Vito;m
2;Vitus;m
2;Werner;m
2;Wilhelm;m
2;Wolf;m
2;Yaman;m
2;Yanis;m
2;Yas;m
2;Yavuz;m
2;Yuma;m
2;Zeyd;m
2;Çınar;m
1;Aaliyah;w
1;Abby;w
1;Abieyuwa;w
1;Abigail;w
1;Abigaila;w
1;Acelya;w
1;Adea;w
1;Adelle;w
1;Adetoni;w
1;Adreia;w
1;Adriana;w
1;Afzem;w
1;Agnes;w
1;Aiman;w
1;Aische;w
1;Aize;w
1;Aişe;w
1;Ajla;w
1;Akbari;w
1;Akinyi;w
1;Akorede;w
1;Al;w
1;Alana;w
1;Alanur;w
1;Alara;w
1;Alea;w
1;Aleeza;w
1;Aleja;w
1;Aleksandra;w
1;Aleksandrova;w
1;Aleksandrovna;w
1;Aleksieva;w
1;Alessa;w
1;Alessandra;w
1;Alexis;w
1;Alexis-Juliet;w
1;Alexsandra;w
1;Alhuda;w
1;Alin;w
1;;m
1;Alisa;w
1;Aaron-Jerome;m
1;Alisha;w
1;Abdallah;m
1;Alisija-Selina;w
1;Abdarrahman;m
1;Alissa;w
1;Abdollah;m
1;Aliza;w
1;Abdul-Kerim;m
1;Alizée;w
1;Abdulrahman;m
1;Alja;w
1;Abdur;m
1;Almıla;w
1;Abdurrahim;m
1;Almina;w
1;Abhi;m
1;Almira;w
1;Abu-Supianovič;m
1;Alva;w
1;Achim;m
1;Amaal;w
1;Adalbert;m
1;Amal;w
1;Addney;m
1;Amalia-Sophie;w
1;Adebayo;m
1;Amaliya;w
1;Adem;m
1;Amanda;w
1;Adnan;m
1;Amar;w
1;Afnan;m
1;Amara;w
1;Agit;m
1;Amber-Paige;w
1;Ahmet;m
1;Amel;w
1;Ahmet-Adnan;m
1;Amelia-Jolé;w
1;Aiden;m
1;Amelia-Kıymet;w
1;Ajdin;m
1;Amelija;w
1;Akbar;m
1;Amen;w
1;Akib;m
1;Amilie;w
1;Akif;m
1;Amni;w
1;Al;m
1;Amora;w
1;Alaric;m
1;Amrei;w
1;Alban;m
1;Ana;w
1;Albin;m
1;Anabel;w
1;Alddin;m
1;Anabella;w
1;Alehandro;m
1;Ananya;w
1;Alejandro;m
1;Anastasija;w
1;Aleks;m
1;Anastazja;w
1;Alerio;m
1;Anat;w
1;Alessandro-Kristijan;m
1;Andrijana;w
1;Alessandro-Leandro;m
1;Andrée;w
1;Alexandros;m
1;Anelsia;w
1;Alfons;m
1;Anetta;w
1;Ali-Amir;m
1;Angel;w
1;Aliçan;m
1;Angela;w
1;Allan;m
1;Angelika;w
1;Almedin;m
1;Angelina;w
1;Almero;m
1;Angelova;w
1;Alois;m
1;Angie;w
1;Alonso;m
1;Aniela;w
1;Alper;m
1;Anissa;w
1;Alperen;m
1;Ankrah;w
1;Alptuğ;m
1;Anna-Cathleen;w
1;Alve;m
1;Anna-Maria;w
1;Alwin;m
1;Annabell;w
1;Amadeus;m
1;Annalena;w
1;Aman;m
1;Anne;w
1;Amar;m
1;Anneli;w
1;Amon;m
1;Annemarie;w
1;Anais;m
1;Anni;w
1;Anando;m
1;Antonella;w
1;Anders;m
1;Antonie;w
1;Andrei-Levi;m
1;Anuk;w
1;Andrejs;m
1;Anuoluwa;w
1;Andriovič;m
1;Ariana;w
1;André;m
1;Arianna;w
1;Anel;m
1;Arjona;w
1;Angel;m
1;Armanda;w
1;Angelinov;m
1;Artjona;w
1;Anis;m
1;Arwa;w
1;Anosch;m
1;Arwen;w
1;Anri;m
1;Arya;w
1;Antonio;m
1;Arzu;w
1;Antonios;m
1;Asan;w
1;Antonius;m
1;Aselya;w
1;Anuar;m
1;Asiyah;w
1;Anujan;m
1;Aslanovna;w
1;Aodhfin;m
1;Assil;w
1;Apostolis;m
1;Astrid;w
1;Aqib;m
1;Asude;w
1;Aramînko;m
1;Atonia;w
1;Aranđjelov;m
1;Aurelie;w
1;Ardıl;m
1;Aurélie;w
1;Are;m
1;Autumn;w
1;Arhan;m
1;Ava-Amani;w
1;Ariel;m
1;Avery;w
1;Ariyan;m
1;Avissa;w
1;Arman;m
1;Avşin;w
1;Armin;m
1;Aygüneş;w
1;Arno;m
1;Aynisa;w
1;Aro;m
1;Aysel;w
1;Aron;m
1;Aysima;w
1;Artur;m
1;Ayça;w
1;Arved;m
1;Ayşe;w
1;Aryeh;m
1;Ayşegül;w
1;Asaf;m
1;Açelya;w
1;Aslan;m
1;Aşkın;w
1;Asuamah;m
1;Bade;w
1;Atakan;m
1;Bahar;w
1;Atef;m
1;Bahriye;w
1;Atesh;m
1;Bailssan;w
1;Atif;m
1;Barbara;w
1;Atilla;m
1;Batoul;w
1;Augustus;m
1;Beatrice-Alexandra;w
1;Aurelius;m
1;Begzada;w
1;Aurelyo-Moreno;m
1;Bejna;w
1;Aviv;m
1;Belana;w
1;Awa;m
1;Belinay;w
1;Awni;m
1;Bella;w
1;Ayas;m
1;Belma;w
1;Ayaz-Yakup;m
1;Berra-Sultan;w
1;Ayden;m
1;Berçem;w
1;Ayham;m
1;Beyza-Nur;w
1;Ayhan;m
1;Beşiktaş;w
1;Aykan;m
1;Bilge;w
1;Aykut;m
1;Bird;w
1;Aymen;m
1;Blanca;w
1;Aysun;m
1;Brigitte;w
1;Aytaç;m
1;Brises;w
1;Aşkin;m
1;Bucci;w
1;Baal;m
1;Burcu;w
1;Bader;m
1;Buse;w
1;Bakir;m
1;Calina;w
1;Balthasar;m
1;Canan;w
1;Baran;m
1;Candan;w
1;Bartholomäus;m
1;Carina;w
1;Bashir;m
1;Carlina;w
1;Batuhan;m
1;Carmen;w
1;Bechir;m
1;Carola;w
1;Bedir;m
1;Carolin;w
1;Bedirhan;m
1;Cassandra;w
1;Bekir;m
1;Cassandra-Lynn;w
1;Bene;m
1;Cassia;w
1;Bengt;m
1;Catalena;w
1;Bennett;m
1;Cate;w
1;Berkan;m
1;Celia;w
1;Berkay;m
1;Celin;w
1;Berkin;m
1;Celina;w
1;Bernhard;m
1;Celine;w
1;Bero;m
1;Chahrazed;w
1;Berto;m
1;Chalotte;w
1;Bijan;m
1;Chanel;w
1;Bill;m
1;Chanelle;w
1;Birand;m
1;Charlie;w
1;Bjarne;m
1;Chelsea;w
1;Blaise;m
1;Cheyenne;w
1;Blendi;m
1;Chiara;w
1;Bo;m
1;Chimamanda;w
1;Bodie;m
1;Chinyere;w
1;Bogdan;m
1;Chisom;w
1;Bonaventura;m
1;Christabel;w
1;Boucif;m
1;Christiana;w
1;Bradley;m
1;Ciara;w
1;Brain;m
1;Clara-Zelson;w
1;Branko;m
1;Clarissa;w
1;Brooklyn;m
1;Cyrin;w
1;Bryan;m
1;Dalina;w
1;Buğrahan;m
1;Dalisa;w
1;Béla;m
1;Daliya;w
1;Bünyamin;m
1;Dalya;w
1;Cafer;m
1;Damaris;w
1;Cahfer;m
1;Danaya;w
1;Calogero;m
1;Daniela;w
1;Caner;m
1;Daniilovna;w
1;Canku;m
1;Daryn;w
1;Carlo;m
1;Davina;w
1;Carlos;m
1;Dayana;w
1;Carlton;m
1;Dea;w
1;Casimir;m
1;Derin;w
1;Casper;m
1;Despina;w
1;Cayden-Cash;m
1;Devi;w
1;Celo;m
1;Diamant;w
1;Cengizhan;m
1;Dil-Anu;w
1;Charlie;m
1;Dilanur;w
1;Che;m
1;Dina;w
1;Chi-Khang;m
1;Dita;w
1;Christ;m
1;Doha;w
1;Chuxun;m
1;Donovan;w
1;Cınar;m
1;Dora;w
1;Civan;m
1;Dorentina;w
1;Cjell;m
1;Dorota;w
1;Coby;m
1;Dorothee;w
1;Colin-Joel;m
1;Doğa;w
1;Collin;m
1;Duhaje;w
1;Conna;m
1;Dünya;w
1;Connor;m
1;Ebru;w
1;Conrad;m
1;Ecaterina;w
1;Cornelius;m
1;Ecem;w
1;Cuno;m
1;Ecenur;w
1;Cylianno;m
1;Edda;w
1;Daba;m
1;Edona;w
1;Dado;m
1;Eflin;w
1;Dalijan;m
1;Eileen;w
1;Danielle;m
1;Ekaterina;w
1;Danielov;m
1;El-Hawraa;w
1;Danny;m
1;El-Houda;w
1;Daoud;m
1;Eleanor;w
1;Darijan;m
1;Elektra;w
1;Darin;m
1;Eleonore;w
1;Darius;m
1;Elfida;w
1;Dariush;m
1;Elham;w
1;Darwin;m
1;Eliana;w
1;Daryan;m
1;Elice;w
1;Daumantas;m
1;Elien;w
1;Dave;m
1;Elifnaz;w
1;David-Michael;m
1;Eline;w
1;Davidson;m
1;Elira;w
1;Davinci;m
1;Elisabet;w
1;Davit;m
1;Elisabeta;w
1;Davud;m
1;Elisabetha;w
1;Dawid;m
1;Elischka;w
1;Daymon;m
1;Elisea;w
1;Dağhan;m
1;Elisia;w
1;Demir;m
1;Elissar;w
1;Demircan;m
1;Elizabete;w
1;Demirhan;m
1;Elizaveta;w
1;Demis;m
1;Ella-Marlene;w
1;Demon-Enzo;m
1;Ellen;w
1;Deven;m
1;Ellena;w
1;Devran;m
1;Elliana;w
1;Dezhi;m
1;Elma;w
1;Diab;m
1;Elmas;w
1;Diar;m
1;Elmedina;w
1;Didier-Joël;m
1;Elouise;w
1;Die-Santos;m
1;Elsbeth;w
1;Dieter;m
1;Elshaday;w
1;Dietrich;m
1;Elvira;w
1;Dijab;m
1;Elza;w
1;Dimitrov;m
1;Eláine;w
1;Dion;m
1;Emel;w
1;Dirk;m
1;Emilia-Fiona;w
1;Diyan;m
1;Emilia-May;w
1;Djemail;m
1;Emilie-Kleeblatt;w
1;Djibril;m
1;Emily-Marie;w
1;Djordje;m
1;Emira;w
1;Dolunay;m
1;Emma-Sophie;w
1;Domenico;m
1;Empress;w
1;Dorian;m
1;Enna;w
1;Dusko;m
1;Erblina;w
1;Ebubekir;m
1;Erika;w
1;Ebuzer;m
1;Erin;w
1;Edeen;m
1;Erina;w
1;Edgar;m
1;Erna;w
1;Edis;m
1;Ernestine;w
1;Eduardo;m
1;Ervanur;w
1;Egbe;m
1;Esilya;w
1;Egidio;m
1;Esmeé;w
1;Ehab;m
1;Estera;w
1;Ekin;m
1;Estera-Julia;w
1;El;m
1;Evangeline;w
1;Elbejan;m
1;Evany;w
1;Eldi;m
1;Evelin;w
1;Eldin;m
1;Evelyn;w
1;Eli;m
1;Evisabeth;w
1;Eliah;m
1;Eyşan;w
1;Eliandro;m
1;Ezekiel;w
1;Elijah-Castiel;m
1;Ezra;w
1;Elio;m
1;Fabia;w
1;Eliot;m
1;Fadile;w
1;Eliott;m
1;Falkjær;w
1;Eliyah;m
1;Fatıma;w
1;Elmo;m
1;Fatna;w
1;Elsan;m
1;Fay;w
1;Elvin;m
1;Faye;w
1;Emi;m
1;Fayrouza;w
1;Emiliano;m
1;Fee;w
1;Emilijan;m
1;Felia;w
1;Emilijo;m
1;Felicia;w
1;Eminem;m
1;Felicita;w
1;Emmanuel;m
1;Felicitas;w
1;Emrecan;m
1;Fenisha;w
1;Ender;m
1;Feodora;w
1;Eniz;m
1;Ferdane;w
1;Enno;m
1;Feyza;w
1;Enoh;m
1;Feyzan;w
1;Enrico;m
1;Fidan;w
1;Enzo;m
1;Filippa;w
1;Erasmus;m
1;Filiz-May;w
1;Eray;m
1;Finya;w
1;Erdal;m
1;Fiorella;w
1;Erich;m
1;Florinda;w
1;Erlin;m
1;Francisca;w
1;Ermal;m
1;Franzi;w
1;Ertan;m
1;Franziska;w
1;Ertuğrul;m
1;Frayer;w
1;Erwin;m
1;Freya;w
1;Esad;m
1;Gabriella;w
1;Etakah;m
1;Gaia;w
1;Everest;m
1;Galena;w
1;Evgeny;m
1;Galya;w
1;Evren;m
1;Gamze;w
1;Eyob;m
1;Gannat;w
1;Eyüp;m
1;Gazal;w
1;Fabio;m
1;Gemma;w
1;Fadi;m
1;Georgieva;w
1;Falko;m
1;Geraldine;w
1;Fares;m
1;Gerda;w
1;Fathi;m
1;Giada;w
1;Fatih;m
1;Gilda;w
1;Fawaz;m
1;Gina;w
1;Fazlı;m
1;Ginan;w
1;Fazlija;m
1;Gjemile;w
1;Fehim;m
1;Gloria;w
1;Fela;m
1;Gracie;w
1;Felyas;m
1;Gurli;w
1;Ferhad;m
1;Gyurhan;w
1;Ferhan;m
1;Gökçe;w
1;Ferhat;m
1;Gülay;w
1;Ferhatov;m
1;Güldane;w
1;Fernando;m
1;Gülru;w
1;Ferzende;m
1;Hala;w
1;Fidelis;m
1;Hale;w
1;Fietje;m
1;Halime;w
1;Fikret;m
1;Halina;w
1;Finn-Luca;m
1;Hamdiyah;w
1;Finnegan;m
1;Hamide;w
1;Finnian;m
1;Hanien;w
1;Fiodor;m
1;Haram-Fatima;w
1;Firat;m
1;Haura;w
1;Florenz;m
1;Hayat;w
1;Flynn;m
1;Hayley;w
1;Francesko;m
1;Hegaard;w
1;Franciszek;m
1;Hella;w
1;Frank-Michael;m
1;Henni;w
1;Franziskus;m
1;Hevin;w
1;Fred;m
1;Hewes;w
1;Frederic;m
1;Hezrin;w
1;Frederick;m
1;Hiba;w
1;Frido;m
1;Hiranur;w
1;Friede;m
1;Hoang;w
1;Furkan;m
1;Hoda;w
1;George;m
1;Holly;w
1;Gerd;m
1;Hope-Madison;w
1;Gerhard;m
1;Houda;w
1;Geylani;m
1;Hulda;w
1;Giannino;m
1;Hümeyra;w
1;Gino;m
1;Ibriyam;w
1;Giovanni;m
1;İkra;w
1;Goldi;m
1;İkranur;w
1;Guido;m
1;Ileana;w
1;Guiliano;m
1;Ilma;w
1;Gursehej;m
1;Imen;w
1;Gustav;m
1;Inas;w
1;Gyursel;m
1;Increase;w
1;Görkem;m
1;Ines;w
1;Güralp;m
1;Inge;w
1;Güray;m
1;Inioluwa;w
1;Hadis;m
1;Ioana;w
1;Haidar;m
1;Irem;w
1;Hakeem;m
1;Irini;w
1;Hamed;m
1;Irmgard;w
1;Hamsa;m
1;Irmi;w
1;Hanif;m
1;Isabelle;w
1;Haralampos;m
1;Israa;w
1;Harald;m
1;Itzayana;w
1;Haroon;m
1;Ivana;w
1;Harry;m
1;Ivona;w
1;Hartmut;m
1;Izabela;w
1;Harvey;m
1;Izumi;w
1;Hassib;m
1;Jacqueline;w
1;Hauke;m
1;Jagoda;w
1;Haydar;m
1;Jamal;w
1;Hayrettin;m
1;Janna;w
1;Heiko;m
1;Jannah;w
1;Hektor;m
1;Jannika;w
1;Helge;m
1;Jasna;w
1;Hendrik;m
1;Jayda-Sharleen;w
1;Henri;m
1;Jean;w
1;Henrik;m
1;Jeanne;w
1;Henryk;m
1;Jelka;w
1;Hien;m
1;Jemyma;w
1;Hikmet;m
1;Jenna;w
1;Hiram;m
1;Jenneke;w
1;Horacio;m
1;Jenni;w
1;Hozan;m
1;Jennifer;w
1;Hristov;m
1;Jeong;w
1;Hubert;m
1;Jette;w
1;Hugo;m
1;Jinan;w
1;Husen;m
1;Joana;w
1;Huy;m
1;Joann;w
1;Idris;m
1;Joelina;w
1;Idrisovič;m
1;Jolanda;w
1;Ihab;m
1;Jolee;w
1;Iisa;m
1;Joleen;w
1;Ijon;m
1;Jolene;w
1;Ilai;m
1;Jolin;w
1;Ilias;m
1;Jolina-Marie;w
1;Ilkay;m
1;Joline-Elisé;w
1;İlkay;m
1;Jomana;w
1;İnan;m
1;Jona;w
1;Ingo;m
1;Jordan;w
1;Ioannis;m
1;Jorid;w
1;Ionut;m
1;Josefa;w
1;Iosif-Emanuel;m
1;Josefine;w
1;Iosiv;m
1;Josephin;w
1;Iosua;m
1;Josephine-Joy;w
1;Irhad;m
1;Josephine-Loana;w
1;Isa;m
1;Joudi;w
1;Isaak;m
1;Joulie;w
1;Isaia-Manase;m
1;Jovana;w
1;Ishaq;m
1;Judith;w
1;İsmail;m
1;Jule;w
1;Ismet;m
1;Juli;w
1;Issa;m
1;Julia-Shaleen;w
1;Issus;m
1;Juliane;w
1;Ivo;m
1;Julin;w
1;Iwen;m
1;Julina;w
1;Jaadan;m
1;July;w
1;Jaafar;m
1;Junaya;w
1;Jaden;m
1;Kaira;w
1;Jago;m
1;Kaisa;w
1;Jak;m
1;Kaja;w
1;Jakov;m
1;Kamil;w
1;Jaliel;m
1;Kamile;w
1;Jamain;m
1;Kanita;w
1;James;m
1;Kaori;w
1;Jamil;m
1;Karin;w
1;Jamy;m
1;Karina-Gabriela;w
1;Janek;m
1;Karolin;w
1;Janick;m
1;Karoline;w
1;Janne;m
1;Katarina;w
1;Janosch;m
1;Kate-Shannon;w
1;Janusz;m
1;Katharine;w
1;Jari;m
1;Kathrin;w
1;Jarno;m
1;Katica;w
1;Jaromir;m
1;Katja;w
1;Jaron;m
1;Katy-Summer;w
1;Jaroslav;m
1;Kaukab;w
1;Jasha;m
1;Kay;w
1;Jasir;m
1;Kaya;w
1;Jason-Sebastian;m
1;Kayla;w
1;Javier;m
1;Kayleigh;w
1;Jawad;m
1;Keira;w
1;Jayce;m
1;Kendra;w
1;Jean-Pierre;m
1;Kenza;w
1;Jebriel-Khalil;m
1;Ketevan;w
1;Jebril;m
1;Khadija;w
1;Jed;m
1;Kiana;w
1;Jeremias;m
1;Kim-Leonie;w
1;Jermaine;m
1;Kimya;w
1;Jeromé;m
1;Kinga;w
1;Jerry;m
1;Kira;w
1;Jersey;m
1;Kit-Yee;w
1;Jibrail;m
1;Klio;w
1;Jibril;m
1;Konstantina;w
1;Jin;m
1;Konstantinovna;w
1;Joachim;m
1;Konstanze;w
1;Joan;m
1;Krasimira;w
1;Joaquim;m
1;Kristiin;w
1;Joey;m
1;Kristina;w
1;John-Leon;m
1;Kyoko;w
1;Johni;m
1;kyzy;w
1;Jonne;m
1;Käthe;w
1;Jonny;m
1;Lacy;w
1;Joost;m
1;Laetitia;w
1;Jore;m
1;Lagan;w
1;Joscha;m
1;Lainie;w
1;Joscho;m
1;Lajla;w
1;Joseph;m
1;Lana;w
1;Joshua-Samuel;m
1;Lara-Sophie;w
1;Jost;m
1;Latifa;w
1;Josua;m
1;Latika;w
1;José;m
1;Latisha-Naomi;w
1;Jot;m
1;Laura-Cheyenne;w
1;Jouan;m
1;Lavina-Açelya;w
1;Jousuf;m
1;Laya;w
1;Jovan;m
1;Lea-Victoria;w
1;Jozef;m
1;Leah;w
1;João;m
1;Leana;w
1;Joél;m
1;Leandra;w
1;Juan;m
1;Leefke;w
1;Juan-Luis;m
1;Leia;w
1;Jula;m
1;Leila;w
1;Julien-Marces;m
1;Lejla;w
1;Junes;m
1;Leli;w
1;Junus;m
1;Lenore;w
1;Justin;m
1;Leora;w
1;Jérôme;m
1;Leviah;w
1;Kadir;m
1;Levănuț;w
1;Kaled;m
1;Lexa;w
1;Kamil;m
1;Leya;w
1;Kareem;m
1;Liah;w
1;Karlo;m
1;Liara;w
1;Karma;m
1;Lidia;w
1;Kasimov;m
1;Lidija;w
1;Kaspar;m
1;Liese;w
1;Kasper;m
1;Liesel;w
1;Kassem;m
1;Lieselotte;w
1;Kaveyrez;m
1;Liina;w
1;Kawa;m
1;Lili;w
1;Kaya;m
1;Lilia;w
1;Keanu;m
1;Lilijana;w
1;Kenny;m
1;Lilith;w
1;Khalid;m
1;Lillianna;w
1;Khalil;m
1;Lillie;w
1;Khoa;m
1;Lilya;w
1;Khodor;m
1;Lilyan;w
1;Kijan;m
1;Lilyana;w
1;Kiki;m
1;Lina-Marie;w
1;Killian;m
1;Linde;w
1;Kintarõ;m
1;Linya;w
1;Kıvanç;m
1;Linéa;w
1;Klaas;m
1;Lisbeth;w
1;Klaus;m
1;Lito;w
1;Kodor;m
1;Litsa;w
1;Kolja;m
1;Liubov;w
1;Konadu;m
1;Liva;w
1;Koray;m
1;Liyara;w
1;Krasimir;m
1;Ljiljana;w
1;Krasimirov;m
1;Loisa;w
1;Kristijan;m
1;Loki;w
1;Kuba;m
1;Lora;w
1;Kubilay;m
1;Lorelai;w
1;Kwabena;m
1;Loresa;w
1;Kyle;m
1;Lorin;w
1;Kyrill;m
1;Lorine;w
1;Laaro;m
1;Lorraine;w
1;Laith;m
1;Lorya;w
1;Lars;m
1;Lotti;w
1;Lav;m
1;Louane;w
1;Lays;m
1;Lovis;w
1;Lean;m
1;Luana;w
1;Leandro-Dimitri;m
1;Luca;w
1;Leano;m
1;Lucienne;w
1;Lebron;m
1;Lucile;w
1;Lee;m
1;Lucis;w
1;Lemmy;m
1;Lucrezia;w
1;Lenard-Denis;m
1;Lucía;w
1;Lennert;m
1;Ludmilla;w
1;Leon-Leonhard;m
1;Ludowika;w
1;Leonhard;m
1;Luisa-Marie;w
1;Leonit;m
1;Luma;w
1;Lesedi;m
1;Luna;w
1;Levio;m
1;Lupita;w
1;Lex;m
1;Lupitta;w
1;Liam-Elyas;m
1;Luzia;w
1;Liangyu;m
1;Luzie;w
1;Lino;m
1;Lyan;w
1;Lirau;m
1;Lykka;w
1;Ljubomir;m
1;Lyn;w
1;Loai;m
1;Lysann;w
1;Loan;m
1;Lysiane;w
1;Locke;m
1;Mabelle;w
1;Loki;m
1;Maddie-Fabienne;w
1;Loran-Amar;m
1;Madina;w
1;Lorian;m
1;Madlen;w
1;Lorik;m
1;Madlyn;w
1;Lorin;m
1;Maeble;w
1;Louan;m
1;Magdalene;w
1;Louis-Etienne;m
1;Magdelena;w
1;Lounes;m
1;Maha;w
1;Lovis;m
1;Mahnoosh;w
1;Luai;m
1;Maia;w
1;Luc;m
1;Maisha;w
1;Lucca;m
1;Majasa;w
1;Luciano;m
1;Malaak;w
1;Lucien;m
1;Malea;w
1;Lucio;m
1;Maliah;w
1;Luis-Alexander;m
1;Malin;w
1;Luk;m
1;Malwina;w
1;Luka-Joel;m
1;Manar;w
1;Lukasz;m
1;Marcellina;w
1;Lyudmilov;m
1;Maren;w
1;Léo;m
1;Margareta;w
1;Léon;m
1;Mariah;w
1;Maalek;m
1;Marianne;w
1;Maged;m
1;Marie-Louane;w
1;Magnus;m
1;Marie-Louise;w
1;Mahammad;m
1;Mariella;w
1;Maher;m
1;Marielle;w
1;Mahir;m
1;Mariem;w
1;Mailo;m
1;Marietta;w
1;Majk;m
1;Marilu;w
1;Maksim;m
1;Marion;w
1;Maksym;m
1;Marisa;w
1;Malachy;m
1;Marissa;w
1;Malcolm;m
1;Marnie;w
1;Malon;m
1;Martinova;w
1;Manfred;m
1;Mary;w
1;Manolo;m
1;Marya;w
1;Marco;m
1;Mascha;w
1;Marcos;m
1;Massilya;w
1;Marcu;m
1;Mathilde;w
1;Mareno;m
1;May;w
1;Margarita;m
1;Mayah;w
1;Marian;m
1;Mayara;w
1;Mariev;m
1;Mayleen;w
1;Marin;m
1;Mayra;w
1;Mariusz;m
1;Maëlle;w
1;Marjan;m
1;Maïmouna;w
1;Mark-Damian;m
1;Małgorzata;w
1;Marten;m
1;Medine;w
1;Martino;m
1;Mej;w
1;Marvin-Lee;m
1;Melayne;w
1;Mateu;m
1;Melda;w
1;Mateusz;m
1;Melek;w
1;Mathes;m
1;Melin;w
1;Mathieu;m
1;Melis;w
1;Mathis;m
1;Melis-Mira;w
1;Mathéo;m
1;Melody;w
1;Matz;m
1;Menara;w
1;Maurice;m
1;Mercedes;w
1;Maverick-Nero;m
1;Merida;w
1;Maxime;m
1;Meryem-Cataleya;w
1;Mayar;m
1;Meyra;w
1;Melvin;m
1;Mi-Seon;w
1;Mete;m
1;Mia-Angelina;w
1;Metin;m
1;Mia-Philine;w
1;Mian;m
1;Michell;w
1;Michel;m
1;Mihaela;w
1;Miguel;m
1;Mihrimah;w
1;Mikael;m
1;Miina;w
1;Mikesch;m
1;Mikhailovna;w
1;Miko;m
1;Mila-Margot;w
1;Mikâil;m
1;Milana;w
1;Milio;m
1;Milia;w
1;Milos;m
1;Milica;w
1;Milow;m
1;Millie;w
1;Miloš;m
1;Minara;w
1;Mils;m
1;Minh;w
1;Milton;m
1;Minhal;w
1;Minh;m
1;Minna;w
1;Mino;m
1;Minou;w
1;Mio-Noel;m
1;Mirah;w
1;Mir;m
1;Miral;w
1;Mirsa;m
1;Mirana;w
1;Mirsad;m
1;Mireille;w
1;Miłosz;m
1;Mirella;w
1;Mohamed-Ilyas;m
1;Miroslava;w
1;Mohanad;m
1;Miruna;w
1;Moise;m
1;Mishka;w
1;Momo;m
1;Mısra;w
1;Moris;m
1;Momoko;w
1;Mostafa;m
1;Moni;w
1;Moumeni;m
1;Mu;w
1;Moumin;m
1;Mukami;w
1;Mraz;m
1;Mulenga;w
1;Muadh;m
1;Mutungi;w
1;Musab;m
1;Mykhailivna;w
1;Mussa;m
1;Myriam;w
1;Mustapha;m
1;Mădălina-Elena;w
1;Myke;m
1;Mădălina-Florentina;w
1;Mylo;m
1;Nabiha;w
1;Müslüm;m
1;Nabila;w
1;Naail;m
1;Nadia;w
1;Naci;m
1;Nadine;w
1;Nader;m
1;Nadira;w
1;Nadim;m
1;Nahla;w
1;Nafiz;m
1;Naira;w
1;Nam;m
1;Naja;w
1;Nana;m
1;Nakato;w
1;Nana-Amoako;m
1;Nala;w
1;Nanouk;m
1;Nalisha;w
1;Naoki;m
1;Nami;w
1;Narcis;m
1;Nanda;w
1;Narciso;m
1;Nareen;w
1;Nathan;m
1;Natali;w
1;Navin;m
1;Natalie;w
1;Ndungu;m
1;Natascha;w
1;Nehemia;m
1;Naya;w
1;Nepomuk;m
1;Naz;w
1;Nermin;m
1;Naz-Melek;w
1;Nevenov;m
1;Nazlican;w
1;Nevio;m
1;Nazmije;w
1;Nezir;m
1;Ndagire;w
1;Nicholas;m
1;Nea;w
1;Nick;m
1;Necmiye;w
1;Nicolae;m
1;Nedyalka;w
1;Nidaa;m
1;Neele;w
1;Niels;m
1;Negar;w
1;Nihat;m
1;Nejme;w
1;Nikola;m
1;Nelea;w
1;Nikolaev;m
1;Nelia;w
1;Nikolai;m
1;Neris;w
1;Nimar;m
1;Nermin;w
1;Nirun;m
1;Nesime;w
1;Nithusan;m
1;Neslihan;w
1;Noah-Jomaa;m
1;Nevis;w
1;Noar;m
1;Nevşin;w
1;Nouhoum-Thiocary;m
1;Ngameni;w
1;Nuno;m
1;Nia;w
1;Nurgay;m
1;Nika;w
1;Odin;m
1;Nikola;w
1;Odran;m
1;Nikolija;w
1;Oktay;m
1;Nil;w
1;Olaf;m
1;Nila;w
1;Ole;m
1;Nilay;w
1;Olle;m
1;Nisa-Nur;w
1;Oluwaseyi;m
1;Nisanur;w
1;Omos;m
1;Noemi;w
1;Omran;m
1;Nomi;w
1;Onno;m
1;Noor;w
1;Onur;m
1;Norina;w
1;Orlando;m
1;Norwi;w
1;Orxhest;m
1;Nova;w
1;Osarobo;m
1;Noëmi;w
1;Oswin;m
1;Nurcan;w
1;Otis;m
1;Nurhan;w
1;Parithi;m
1;Nurşin;w
1;Patryk;m
1;Obosaye;w
1;Paule;m
1;Oksana;w
1;Pavlo;m
1;Oleksandrìvna;w
1;Pavlos;m
1;Oluwatofunmi;w
1;Percy;m
1;Onésifort;w
1;Pierre;m
1;Ophelia;w
1;Polat;m
1;Ortis;w
1;Poyraz-Memati;m
1;Ouardia;w
1;Prince;m
1;Ousmane;w
1;Pusat;m
1;Ozal;w
1;Qais;m
1;Parissa;w
1;Quang;m
1;Patricia;w
1;Raban;m
1;Patrizia;w
1;Rade;m
1;Payten;w
1;Radin;m
1;Pebbles;w
1;Ragheb;m
1;Pelin-Anisa;w
1;Rahman;m
1;Peppina;w
1;Raifhan;m
1;Petrovna;w
1;Rainer;m
1;Pfrommer;w
1;Ramazan;m
1;Phenelope;w
1;Ramin;m
1;Phibie;w
1;Ramo;m
1;Philine;w
1;Ramón;m
1;Philomena;w
1;Rapeepong;m
1;Pippa;w
1;Rareș;m
1;Pola;w
1;Raschid;m
1;Polli;w
1;Rauno;m
1;Quynh;w
1;Raymen;m
1;Raaniya;w
1;Recai;m
1;Rabiha;w
1;Recep;m
1;Radmila;w
1;Reiner;m
1;Rahaf;w
1;Remi;m
1;Rajana;w
1;Remzi;m
1;Rakiya;w
1;Reşat;m
1;Rani;w
1;Riaan;m
1;Ranim;w
1;Rida;m
1;Raphaela;w
1;Ridvan;m
1;Rasan;w
1;Rio;m
1;Rasele;w
1;Rıza;m
1;Rayan;w
1;Riza;m
1;Raziye;w
1;Rojhat;m
1;Reddy;w
1;Roma;m
1;Regina;w
1;Rouven;m
1;Renata;w
1;Ruben;m
1;Renielle;w
1;Ruchi;m
1;Renja;w
1;Rudolf;m
1;Renos;w
1;Rufus;m
1;Resmie;w
1;Ruixiang;m
1;Rezel;w
1;Rusi;m
1;Rida;w
1;Ruzhdi;m
1;Riona;w
1;Rüzgar;m
1;Roberta;w
1;Saad;m
1;Rokaya;w
1;Sabah;m
1;Rona;w
1;Sabir;m
1;Ronita;w
1;Sadi;m
1;Ronja;w
1;Sadık;m
1;Rosalia;w
1;Sain;m
1;Roschan;w
1;Saki;m
1;Roukaiya;w
1;Sal;m
1;Ruba;w
1;Salam;m
1;Ruby;w
1;Salar;m
1;Rümeysa;w
1;Saleh;m
1;Rüya;w
1;Salih;m
1;Saada;w
1;Salino;m
1;Saamiya;w
1;Salomo;m
1;Sabina;w
1;Samet;m
1;Sabrina;w
1;Samouel;m
1;Safa;w
1;Samson;m
1;Sainab;w
1;Samu;m
1;Sali;w
1;Samy;m
1;Salima;w
1;San;m
1;Salma;w
1;Sandro;m
1;Salome;w
1;Saner;m
1;Samantha-Yanice;w
1;Santhiago;m
1;Sameen;w
1;Santiago;m
1;Sameera;w
1;Santino;m
1;Samet;w
1;Saphir;m
1;Samira;w
1;Savet;m
1;Sanaa;w
1;Sayhan;m
1;Sandra;w
1;Sean;m
1;Santiana;w
1;Sebald;m
1;Sanvitha;w
1;Sejdin;m
1;Sarafina;w
1;Semih;m
1;Sarya;w
1;Semyan;m
1;Savannah-May;w
1;Sercan;m
1;Saya;w
1;Serdan;m
1;Sayra;w
1;Serdar;m
1;Scarlett;w
1;Serhad;m
1;Scout;w
1;Serhat;m
1;Sefora;w
1;Sevdin;m
1;Selen;w
1;Seyho;m
1;Selena;w
1;Seyid;m
1;Semele;w
1;Seyyid;m
1;Semina;w
1;Sezgin;m
1;Semra;w
1;Shady;m
1;Senem;w
1;Shane;m
1;Seraphina;w
1;Sharaf;m
1;Serena;w
1;Sharif;m
1;Sevgi;w
1;Shawn;m
1;Seyran;w
1;Shayan;m
1;Sezen;w
1;Sheng;m
1;Sezgin;w
1;Shervan;m
1;Shadia;w
1;Shteryo;m
1;Shalia-Adelia;w
1;Sibel;m
1;Shanaya;w
1;Sigo;m
1;Shayena;w
1;Siliano;m
1;Shenora;w
1;Sinan;m
1;Shirin;w
1;Skender;m
1;Shiva;w
1;Sky;m
1;Sidra;w
1;Slavchev;m
1;Siela;w
1;Sofiane;m
1;Sıla;w
1;Soufyan;m
1;Siliana;w
1;Souleyman;m
1;Silke;w
1;Spendi;m
1;Silvana;w
1;Spiridon;m
1;Simay;w
1;Stanimirov;m
1;Simge;w
1;Stanko;m
1;Simova;w
1;Stefanov;m
1;Sina;w
1;Steve;m
1;Siona;w
1;Steven;m
1;Sirin;w
1;Stian;m
1;Skyla-Zoé;w
1;Stuart;m
1;Sladana;w
1;Sulejman;m
1;Socorro;w
1;Sultan;m
1;Sofi;w
1;Sumeer;m
1;Sohayla;w
1;Sám;m
1;Sole;w
1;Tadeo;m
1;Soleil;w
1;Tadeyos;m
1;Solomia;w
1;Taewon;m
1;Soraya;w
1;Tafari;m
1;Sorring;w
1;Tamay;m
1;Souraya;w
1;Tamer;m
1;Spyridoula;w
1;Tamino;m
1;Stine;w
1;Tamio;m
1;Sudenaz;w
1;Tamo;m
1;Sultan;w
1;Taner;m
1;Sumaiyah;w
1;Tarık;m
1;Sumayyah;w
1;Tayem;m
1;Summer;w
1;Tayga-Karan;m
1;Sunaeva;w
1;Taylan;m
1;Sunay;w
1;Tayler;m
1;Sunna;w
1;Taym;m
1;Sura;w
1;Tayssir;m
1;Suriana;w
1;Tewe;m
1;Susanna;w
1;Thanush;m
1;Susy;w
1;Theleonious;m
1;Svea;w
1;Theodore;m
1;Svenja;w
1;Thiago;m
1;Swantje;w
1;Thies;m
1;Sydney;w
1;Thijs;m
1;Sylvia;w
1;Thoran;m
1;Tabita;w
1;Thymios;m
1;Tahire;w
1;Tillmann;m
1;Talea;w
1;Timm;m
1;Tamina;w
1;Timotei;m
1;Tanem-Leyla;w
1;Titus;m
1;Tara;w
1;Tobiasz;m
1;Tasnim;w
1;Toma;m
1;Tatjana;w
1;Tomasz;m
1;Teona;w
1;Tommy;m
1;Terése;w
1;Toprak;m
1;Tess;w
1;Travis;m
1;Tessa;w
1;Tremaine;m
1;Testimony;w
1;Trevor;m
1;Thalea;w
1;Tristan-Alexander;m
1;Thaliya;w
1;Tului;m
1;Therese;w
1;Tuna;m
1;Thurid;w
1;Turab;m
1;Thư;w
1;Turan;m
1;Tiara-Irina;w
1;Tuğrul;m
1;Tijana;w
1;Tyrese;m
1;Tijara;w
1;Tyson;m
1;Tinna;w
1;Uday;m
1;Todorova;w
1;Ugochukwu;m
1;Tomke;w
1;Ulrik;m
1;Tonalli;w
1;Umalt;m
1;Toni;w
1;Umeyr;m
1;Tovah;w
1;Uriel;m
1;Tove;w
1;Uroš;m
1;Tracy;w
1;Valentijn;m
1;Trudi;w
1;Valentinov;m
1;Tuba;w
1;Valerij;m
1;Uliana;w
1;Valmir;m
1;Uljana;w
1;Van;m
1;Ulrike;w
1;Veit;m
1;Ursula;w
1;Veli;m
1;Uzume;w
1;Veysel;m
1;Valentine;w
1;Ville;m
1;Vanesa;w
1;Vince;m
1;Vasiliki;w
1;Vladislavowich;m
1;Vasilina;w
1;Vllaznim;m
1;Vayda;w
1;Volker;m
1;Vellery;w
1;Vullnet;m
1;Venuri;w
1;Víctor;m
1;Veronica;w
1;Wahab;m
1;Vienna;w
1;Walid;m
1;Viviana;w
1;Wanja;m
1;Viviane;w
1;Waswa;m
1;Vivien;w
1;Welat;m
1;Viyan;w
1;Wil;m
1;Vy;w
1;Willem;m
1;Wanda;w
1;Willy;m
1;Wedad;w
1;Wincenty;m
1;Wija;w
1;Witold;m
1;Wiktoria;w
1;Wladimir;m
1;Wilhelmine;w
1;Wotan;m
1;Wilma;w
1;Xalil;m
1;Won;w
1;Xaver;m
1;Xemina;w
1;Yahya;m
1;Xuan;w
1;Yakub;m
1;Yade;w
1;Yang;m
1;Yara;w
1;Yannick;m
1;Yarê;w
1;Yannis;m
1;Yasemin;w
1;Yaro;m
1;Yıldız;w
1;Yaseen;m
1;Ylvi;w
1;Yasser;m
1;Ylvie-Marlene;w
1;Yassir;m
1;Yoana;w
1;Yağız;m
1;Yolanda;w
1;Yeboah;m
1;Yona;w
1;Yehya;m
1;Yordanova;w
1;Yessin;m
1;Yulieva;w
1;Yianni;m
1;Yuma;w
1;Yilmaz;m
1;Yusuf;w
1;Yiğitcan;m
1;Yvaine;w
1;Yordan;m
1;Yüksel;w
1;Yosua;m
1;Yüsra;w
1;Yousof;m
1;Zazou;w
1;Yuri;m
1;Zeina;w
1;Yusif;m
1;Zeinab;w
1;Yusmenov;m
1;Zeinah;w
1;Yussef;m
1;Zelda;w
1;Zafer;m
1;Zelena;w
1;Zef;m
1;Zemzem;w
1;Zhe;m
1;Zenan;w
1;Zijad;m
1;Zoe-Johanne;w
1;Ziyad;m
1;Zoi;w
1;Zlatko;m
1;Zola;w
1;Zoran;m
1;Zoë;w
1;Zouhair;m
1;Zsuzsa;w
1;Zulfikar;m
1;Zuzanna;w
1;Çağatay;m
1;Zülal;w
1;Çetin;m
1;Züleyha;w
1;Étienne;m
1;Zümra;w
1;Óisín;m
1;Änna;w
1;Ömer-Zeyd;m
1;Çeylan;w
1;Özgür;m
1;Édith;w
1;Đức;m
1;Éloise;w
1;Şafak;m
1;Öykü;w
1;Şahin;m
1;Şevval;w
1;Şevket;m
1;Şewal;w
1;Şükür;m
1;Şirin;w
1;Živomir;m
