anzahl;vorname;geschlecht;position
62;Sophie;w;2
61;Marie;w;2
52;Emilia;w;1
45;Maria;w;2
37;Charlotte;w;2
37;Noah;m;1
37;Ella;w;1
35;Alexander;m;2
34;Jonas;m;1
34;Hannah;w;1
31;Emma;w;1
30;Maximilian;m;2
30;Emil;m;1
30;Charlotte;w;1
30;Mia;w;1
29;Anna;w;1
28;Felix;m;1
26;Ali;m;1
26;Jakob;m;1
26;Maximilian;m;1
25;Elias;m;1
25;Mila;w;1
25;Oskar;m;1
24;Clara;w;1
24;Milan;m;1
24;Johanna;w;1
24;Paul;m;1
22;Johanna;w;2
22;Adam;m;1
22;Samuel;m;1
21;Elisabeth;w;2
21;Maria;w;1
20;Finn;m;1
20;Jonathan;m;1
20;Julian;m;1
19;Ava;w;1
19;Sophia;w;1
19;Alexander;m;1
18;Elias;m;2
18;Luise;w;2
18;Ela;w;1
18;Helena;w;1
18;Ida;w;1
18;Lea;w;1
18;Theodor;m;1
18;Mira;w;1
17;Benjamin;m;1
17;Lena;w;1
17;Karl;m;1
17;Leo;m;1
17;Leon;m;1
17;Linus;m;1
17;Luis;m;1
17;Theo;m;1
16;Paul;m;2
16;Amelie;w;1
16;Lina;w;1
16;Sofia;w;1
16;Sophie;w;1
16;Anton;m;1
16;Leonard;m;1
16;Vincent;m;1
15;Louis;m;2
15;Valentin;m;2
15;Nur;w;2
15;Sophia;w;2
15;Alma;w;1
15;Frida;w;1
15;Frieda;w;1
15;Mathilda;w;1
15;Adrian;m;1
15;Ben;m;1
15;Henry;m;1
15;Moritz;m;1
15;Muhammed;m;1
14;Karl;m;2
14;Helene;w;2
14;Emily;w;1
14;Greta;w;1
14;Klara;w;1
14;Leni;w;1
14;Luise;w;1
14;Nele;w;1
14;Arthur;m;1
14;Paula;w;1
14;Bruno;m;1
14;Jan;m;1
14;Louis;m;1
13;Emil;m;2
13;Antonia;w;2
13;Elif;w;1
13;Leonie;w;1
13;Lilly;w;1
13;Emilio;m;1
13;Maja;w;1
13;Justus;m;1
13;Niklas;m;1
13;Raphael;m;1
13;Tom;m;1
12;Ali;m;2
12;Sebastian;m;2
12;Antonia;w;1
12;Elena;w;1
12;Mina;w;1
12;Sarah;w;1
12;Amir;m;1
12;Daniel;m;1
12;David;m;1
12;Emir;m;1
12;Fabian;m;1
12;Henri;m;1
12;Levi;m;1
12;Liam;m;1
12;Luca;m;1
12;Mert;m;1
11;Christian;m;2
11;David;m;2
11;Anna;w;2
11;Jakob;m;2
11;Emilia;w;2
11;Thomas;m;2
11;Magdalena;w;2
11;Pauline;w;2
11;Victoria;w;2
11;Elisa;w;1
11;Elisabeth;w;1
11;Isabella;w;1
11;Marie;w;1
11;Matilda;w;1
11;Meryem;w;1
11;Nora;w;1
11;Pauline;w;1
11;Erik;m;1
11;Johann;m;1
11;Konstantin;m;1
11;Omar;m;1
11;Tim;m;1
10;Sophie;w;3
10;Felix;m;2
10;Friedrich;m;2
10;Johannes;m;2
10;Louise;w;2
10;Luca;m;2
10;Mathilda;w;2
10;Noah;m;2
10;Alina;w;1
10;Carlotta;w;1
10;Elina;w;1
10;Eva;w;1
10;Flora;w;1
10;Hanna;w;1
10;Julia;w;1
10;Ahmad;m;1
10;Luisa;w;1
10;Joshua;m;1
10;Luna;w;1
10;Luka;m;1
10;Maya;w;1
10;Mika;m;1
10;Merle;w;1
10;Milo;m;1
10;Olivia;w;1
10;Ole;m;1
10;Thea;w;1
10;Oscar;m;1
9;Josephine;w;2
9;Benjamin;m;2
9;Katharina;w;2
9;Levi;m;2
9;Juna;w;1
9;Florian;m;1
9;Lara;w;1
9;Friedrich;m;1
9;Laura;w;1
9;Hugo;m;1
9;Lia;w;1
9;Jonah;m;1
9;Liya;w;1
9;Julius;m;1
9;Nisa;w;1
9;Leonardo;m;1
9;Sara;w;1
9;Lukas;m;1
9;Matteo;m;1
9;Max;m;1
9;Philipp;m;1
9;Ömer;m;1
8;Elise;w;2
8;Aaron;m;2
8;Lea;w;2
8;Anton;m;2
8;Luisa;w;2
8;Can;m;2
8;Ruth;w;2
8;Johann;m;2
8;Su;w;2
8;Leonard;m;2
8;Viktoria;w;2
8;Theodor;m;2
8;Yasin;m;2
8;Carla;w;1
8;Eleni;w;1
8;Fiona;w;1
8;Karla;w;1
8;Lily;w;1
8;Bennet;m;1
8;Melina;w;1
8;Carl;m;1
8;Selma;w;1
8;Enno;m;1
8;Theresa;w;1
8;Filip;m;1
8;Victoria;w;1
8;Fritz;m;1
8;Gabriel;m;1
8;Hamza;m;1
8;Lasse;m;1
8;Malik;m;1
8;Mikail;m;1
8;Mohammad;m;1
8;Mohammed;m;1
8;Rafael;m;1
8;Valentin;m;1
8;Yusuf;m;1
7;Maria;w;3
7;Elisa;w;2
7;Lou;w;2
7;Adrian;m;2
7;Isa;m;2
7;Jonas;m;2
7;Leon;m;2
7;Amalia;w;1
7;Lisa;w;1
7;Livia;w;1
7;Mariam;w;1
7;Marlene;w;1
7;Tilda;w;1
7;Zoe;w;1
7;Artur;m;1
7;Caspar;m;1
7;Constantin;m;1
7;Janosch;m;1
7;Jasper;m;1
7;Leopold;m;1
7;Mattis;m;1
7;Miran;m;1
7;Mohamad;m;1
7;Robin;m;1
7;Simon;m;1
6;Marie;w;3
6;Alexandra;w;2
6;Ava;w;2
6;Frieda;w;2
6;Helena;w;2
6;Andreas;m;2
6;Ida;w;2
6;Arthur;m;2
6;Isabel;w;2
6;Ben;m;2
6;Lucia;w;2
6;Carl;m;2
6;Olivia;w;2
6;Constantin;m;2
6;Fabian;m;2
6;Finn;m;2
6;Frederik;m;2
6;Hamza;m;2
6;Henry;m;2
6;Josef;m;2
6;Michael;m;2
6;Ole;m;2
6;Alessia;w;1
6;Aleyna;w;1
6;Finja;w;1
6;Jasmin;w;1
6;Leyla;w;1
6;Lilia;w;1
6;Linda;w;1
6;Lucia;w;1
6;Mara;w;1
6;Martha;w;1
6;Milena;w;1
6;Nina;w;1
6;Paulina;w;1
6;Zeynep;w;1
6;Bilal;m;1
6;Hüseyin;m;1
6;Ilyas;m;1
6;Junis;m;1
6;Karim;m;1
6;Kasimir;m;1
6;Kenan;m;1
6;Kian;m;1
6;Lian;m;1
6;Lucas;m;1
6;Mark;m;1
6;Marlon;m;1
6;Mats;m;1
6;Michael;m;1
6;Muhammad;m;1
6;Nils;m;1
6;Piet;m;1
6;Yasin;m;1
6;Yassin;m;1
6;Yiğit;m;1
5;Amalia;w;2
5;Carlotta;w;2
5;Christine;w;2
5;Clara;w;2
5;Eleni;w;2
5;Emilie;w;2
5;Franziska;w;2
5;Julia;w;2
5;Lina;w;2
5;Emanuel;m;2
5;Lotta;w;2
5;Joel;m;2
5;Valentina;w;2
5;Justus;m;2
5;Levin;m;2
5;Lukas;m;2
5;Martin;m;2
5;Oscar;m;2
5;Peter;m;2
5;Philipp;m;2
5;William;m;2
5;Ada;w;1
5;Alice;w;1
5;Amani;w;1
5;Amelia;w;1
5;Amira;w;1
5;Azra;w;1
5;Defne;w;1
5;Elin;w;1
5;Esila;w;1
5;Hedi;w;1
5;Jana;w;1
5;Josephine;w;1
5;Larissa;w;1
5;Lotta;w;1
5;Lou;w;1
5;Madita;w;1
5;Malina;w;1
5;Melisa;w;1
5;Miray;w;1
5;Miriam;w;1
5;Naomi;w;1
5;Aaron;m;1
5;Romy;w;1
5;Ahmed;m;1
5;Talia;w;1
5;Burak;m;1
5;Zehra;w;1
5;Elian;m;1
5;Emilian;m;1
5;Eymen;m;1
5;Ferdinand;m;1
5;Fynn;m;1
5;Hussein;m;1
5;Ibrahim;m;1
5;Jannis;m;1
5;Johannes;m;1
5;Jona;m;1
5;Kerem;m;1
5;Khaled;m;1
5;Kilian;m;1
5;Luke;m;1
5;Mahdi;m;1
5;Mateo;m;1
5;Matti;m;1
5;Mehmet;m;1
5;Mustafa;m;1
5;Sam;m;1
5;Timo;m;1
5;Toni;m;1
4;Ali;m;3
4;Anton;m;3
4;Michael;m;3
4;Luise;w;3
4;Aaliyah;w;2
4;Amelie;w;2
4;Erika;w;2
4;Greta;w;2
4;Hanna;w;2
4;Helen;w;2
4;Leonie;w;2
4;Lola;w;2
4;Alp;m;2
4;Lotte;w;2
4;Amin;m;2
4;Malia;w;2
4;Antonio;m;2
4;Malou;w;2
4;August;m;2
4;Margarete;w;2
4;Benedikt;m;2
4;Martha;w;2
4;Bo;m;2
4;Matilda;w;2
4;Deniz;m;2
4;Medina;w;2
4;Eymen;m;2
4;Mina;w;2
4;Franz;m;2
4;Philippa;w;2
4;Frederick;m;2
4;Sofia;w;2
4;Gabriel;m;2
4;Georg;m;2
4;John;m;2
4;Jonathan;m;2
4;Julian;m;2
4;Julius;m;2
4;Konstantin;m;2
4;Liam;m;2
4;Lionel;m;2
4;Manuel;m;2
4;Nepomuk;m;2
4;Oliver;m;2
4;Oskar;m;2
4;Patrick;m;2
4;Richard;m;2
4;Robert;m;2
4;Samuel;m;2
4;Simon;m;2
4;Taha;m;2
4;Tobias;m;2
4;Uwe;m;2
4;Werner;m;2
4;Wilhelm;m;2
4;Alva;w;1
4;Amina;w;1
4;Amy;w;1
4;Anouk;w;1
4;Asya;w;1
4;Celina;w;1
4;Celine;w;1
4;Ceyda;w;1
4;Edda;w;1
4;Elea;w;1
4;Elissa;w;1
4;Emilie;w;1
4;Helene;w;1
4;Hiranur;w;1
4;Jasmina;w;1
4;Jette;w;1
4;Katharina;w;1
4;Lana;w;1
4;Leonora;w;1
4;Liliana;w;1
4;Lucy;w;1
4;Luzie;w;1
4;Alessio;m;1
4;Malea;w;1
4;Alperen;m;1
4;Marta;w;1
4;Amar;m;1
4;Maryam;w;1
4;Antonio;m;1
4;Michelle;w;1
4;Aras;m;1
4;Milla;w;1
4;August;m;1
4;Natalie;w;1
4;Benno;m;1
4;Pia;w;1
4;Carlos;m;1
4;Rosa;w;1
4;Charles;m;1
4;Rosalie;w;1
4;Damian;m;1
4;Selina;w;1
4;Diego;m;1
4;Sidra;w;1
4;Elyas;m;1
4;Tala;w;1
4;Emin;m;1
4;Therese;w;1
4;Gustav;m;1
4;Yasmin;w;1
4;Hadi;m;1
4;Yuna;w;1
4;Hasan;m;1
4;Zoé;w;1
4;Hassan;m;1
4;Ilay;m;1
4;Joel;m;1
4;John;m;1
4;Joseph;m;1
4;Juri;m;1
4;Kiyan;m;1
4;Leander;m;1
4;Mads;m;1
4;Mahir;m;1
4;Mahmoud;m;1
4;Marcel;m;1
4;Marvin;m;1
4;Maxim;m;1
4;Mio;m;1
4;Mohamed;m;1
4;Nathan;m;1
4;Nicolas;m;1
4;Philip;m;1
4;Richard;m;1
4;Robert;m;1
4;Said;m;1
4;Santiago;m;1
4;Taim;m;1
4;Tristan;m;1
4;Yunis;m;1
4;Yunus;m;1
3;Andreas;m;3
3;Jörg;m;3
3;Malou;w;3
3;Matthias;m;3
3;Margarete;w;3
3;oğlu;m;3
3;Paul;m;3
3;Rainer;m;3
3;Ada;w;2
3;Alessia;w;2
3;Amelia;w;2
3;Angelina;w;2
3;Anh;w;2
3;Anouk;w;2
3;Brigitte;w;2
3;Cecilia;w;2
3;Emma;w;2
3;Fine;w;2
3;Fiona;w;2
3;Florentine;w;2
3;Frida;w;2
3;Hermine;w;2
3;Hope;w;2
3;Jane;w;2
3;Jasmin;w;2
3;Jolie;w;2
3;Josefine;w;2
3;Juliane;w;2
3;Karin;w;2
3;Katarzyna;w;2
3;Klara;w;2
3;Adam;m;2
3;Laura;w;2
3;Aimé;m;2
3;Lee;w;2
3;Alfred;m;2
3;Linn;w;2
3;Bela;m;2
3;Liv;w;2
3;Bennet;m;2
3;Marlene;w;2
3;Cornelius;m;2
3;Marta;w;2
3;Damian;m;2
3;Mathilde;w;2
3;Emir;m;2
3;Mia;w;2
3;Erik;m;2
3;Michelle;w;2
3;Florian;m;2
3;Naz;w;2
3;Fritz;m;2
3;Nisa;w;2
3;Hans;m;2
3;Noemi;w;2
3;Henri;m;2
3;Paula;w;2
3;Henrik;m;2
3;Rosa;w;2
3;Hermann;m;2
3;Rose;w;2
3;Ian;m;2
3;Teresa;w;2
3;Ibrahim;m;2
3;Theresa;w;2
3;Ilja;m;2
3;Valerie;w;2
3;Ilyas;m;2
3;Vanessa;w;2
3;James;m;2
3;Zoe;w;2
3;Johan;m;2
3;Kaan;m;2
3;Leander;m;2
3;Linus;m;2
3;Mahir;m;2
3;Malik;m;2
3;Marco;m;2
3;Maria;m;2
3;Mario;m;2
3;Mateo;m;2
3;Matteo;m;2
3;Maurice;m;2
3;Max;m;2
3;Miguel;m;2
3;Milo;m;2
3;Mustafa;m;2
3;Noel;m;2
3;Noé;m;2
3;Selim;m;2
3;Viktor;m;2
3;Walter;m;2
3;Willem;m;2
3;Adriana;w;1
3;Alea;w;1
3;Alissa;w;1
3;Alya;w;1
3;Amine;w;1
3;Amélie;w;1
3;Anisa;w;1
3;Annabelle;w;1
3;Aurelia;w;1
3;Carolina;w;1
3;Cataleya;w;1
3;Celia;w;1
3;Cleo;w;1
3;Daria;w;1
3;Diana;w;1
3;Ece;w;1
3;Eleen;w;1
3;Elise;w;1
3;Elsa;w;1
3;Emina;w;1
3;Eve;w;1
3;Fatima;w;1
3;Friederike;w;1
3;Fritzi;w;1
3;Gabriela;w;1
3;Hailey;w;1
3;Helen;w;1
3;Ahmet;m;1
3;Hilal;w;1
3;Aiden;m;1
3;Ilayda;w;1
3;Alan;m;1
3;Ina;w;1
3;Alex;m;1
3;Jannah;w;1
3;Amaru;m;1
3;Jolina;w;1
3;Anselm;m;1
3;Jonna;w;1
3;Armin;m;1
3;Karolina;w;1
3;Ayman;m;1
3;Kiara;w;1
3;Bjarne;m;1
3;Kira;w;1
3;Béla;m;1
3;Leah;w;1
3;Christian;m;1
3;Leila;w;1
3;Edgar;m;1
3;Lilja;w;1
3;Edin;m;1
3;Lilli;w;1
3;Efe;m;1
3;Liv;w;1
3;Eli;m;1
3;Louisa;w;1
3;Eren;m;1
3;Luana;w;1
3;Eric;m;1
3;Luca;w;1
3;Fadel;m;1
3;Magdalena;w;1
3;Fiete;m;1
3;Maha;w;1
3;Frederik;m;1
3;Malia;w;1
3;Hans;m;1
3;Malou;w;1
3;Hector;m;1
3;Melek;w;1
3;Hendrik;m;1
3;Melissa;w;1
3;İlyas;m;1
3;Minna;w;1
3;Ioannis;m;1
3;Nala;w;1
3;Isa;m;1
3;Nike;w;1
3;Issa;m;1
3;Nila;w;1
3;Jad;m;1
3;Rayan;w;1
3;Jaden;m;1
3;Rebecca;w;1
3;Jakub;m;1
3;Ruby;w;1
3;Jannick;m;1
3;Samira;w;1
3;Jaro;m;1
3;Suri;w;1
3;Jaron;m;1
3;Tamara;w;1
3;Jim;m;1
3;Valentina;w;1
3;Jonte;m;1
3;Vanessa;w;1
3;Joris;m;1
3;Wilma;w;1
3;Jovan;m;1
3;Yade;w;1
3;Kaan;m;1
3;Zahraa;w;1
3;Kai;m;1
3;Zola;w;1
3;Lazar;m;1
3;Zuzanna;w;1
3;Lennart;m;1
3;Zümra;w;1
3;Lev;m;1
3;Lino;m;1
3;Lionel;m;1
3;Lovis;m;1
3;Luan;m;1
3;Magnus;m;1
3;Martin;m;1
3;Matei;m;1
3;Matheo;m;1
3;Matthias;m;1
3;Maurice;m;1
3;Maxime;m;1
3;Merdan;m;1
3;Muhamed;m;1
3;Nikita;m;1
3;Nikolaus;m;1
3;Nio;m;1
3;Oliver;m;1
3;Ragnar;m;1
3;Rayan;m;1
3;Rocco;m;1
3;Ruben;m;1
3;Rüzgar;m;1
3;Sami;m;1
3;Sebastian;m;1
3;Sinan;m;1
3;Taha;m;1
3;Thore;m;1
3;Timur;m;1
3;Titus;m;1
3;Tobias;m;1
3;Umut;m;1
3;Viktor;m;1
3;Walid;m;1
3;William;m;1
3;Younes;m;1
3;Youssef;m;1
3;Çınar;m;1
2;Theodor;m;4
2;Carola;w;3
2;Christine;w;3
2;Elfriede;w;3
2;Albert;m;3
2;Elisabeth;w;3
2;Alexander;m;3
2;Elizabeth;w;3
2;Christian;m;3
2;Helen;w;3
2;David;m;3
2;Ida;w;3
2;Erich;m;3
2;Jasmin;w;3
2;Erik;m;3
2;Katharina;w;3
2;Ernst;m;3
2;Lou;w;3
2;Francis;m;3
2;Louise;w;3
2;Gabriel;m;3
2;Lydia;w;3
2;Joachim;m;3
2;Martina;w;3
2;Leo;m;3
2;May;w;3
2;Marius;m;3
2;Mohamed;w;3
2;Otto;m;3
2;Renate;w;3
2;Robert;m;3
2;Ruth;w;3
2;Sebastian;m;3
2;Socorro;w;3
2;Stefan;m;3
2;Theodor;m;3
2;Wolfgang;m;3
2;Alina;w;2
2;Alisha;w;2
2;Aliyah;w;2
2;Alva;w;2
2;Amani;w;2
2;Angelika;w;2
2;Ann;w;2
2;Annemarie;w;2
2;Anni;w;2
2;Antonovna;w;2
2;Barbara;w;2
2;Berfin;w;2
2;Caroline;w;2
2;Cataleya;w;2
2;Charlotta;w;2
2;Chiara;w;2
2;Christa;w;2
2;Christina;w;2
2;Daniela;w;2
2;do;w;2
2;Dorothea;w;2
2;Edith;w;2
2;Abdul;m;2
2;Elea;w;2
2;Albert;m;2
2;Elena;w;2
2;Alejandro;m;2
2;Eleonora;w;2
2;Alekseevič;m;2
2;Elif;w;2
2;Allen;m;2
2;Elin;w;2
2;Alois;m;2
2;Elizabeth;w;2
2;Alparslan;m;2
2;Ellen;w;2
2;Anthony;m;2
2;Elly;w;2
2;Arnold;m;2
2;Emily;w;2
2;Artur;m;2
2;Eva;w;2
2;Aslan;m;2
2;Evgen'evna;w;2
2;Attila;m;2
2;Felicia;w;2
2;Augustin;m;2
2;Felicitas;w;2
2;Avery;m;2
2;Felina;w;2
2;Axel;m;2
2;Flora;w;2
2;Balthasar;m;2
2;Florentina;w;2
2;Bernd;m;2
2;Freya;w;2
2;Bruno;m;2
2;Gioia;w;2
2;Caspar;m;2
2;Hanife;w;2
2;Curtis;m;2
2;Helin;w;2
2;Daniel;m;2
2;Henriette;w;2
2;Edward;m;2
2;Hertha;w;2
2;Efe;m;2
2;Hisham;w;2
2;Eliah;m;2
2;Irene;w;2
2;Elija;m;2
2;Isabelle;w;2
2;Elyas;m;2
2;Joana;w;2
2;Elías;m;2
2;Julie;w;2
2;Emilian;m;2
2;Juna;w;2
2;Emin;m;2
2;Käthe;w;2
2;Emmanuel;m;2
2;Lale;w;2
2;Enes;m;2
2;Larissa;w;2
2;Eren;m;2
2;Leah;w;2
2;Eric;m;2
2;Lemonie;w;2
2;Ferdinand;m;2
2;Lena;w;2
2;Fiete;m;2
2;Leni;w;2
2;Frank;m;2
2;Lia;w;2
2;Gustav;m;2
2;Linea;w;2
2;Günter;m;2
2;Lisa;w;2
2;Halil;m;2
2;Loreley;w;2
2;Hannes;m;2
2;Lua;w;2
2;Hasan;m;2
2;Luana;w;2
2;Helmut;m;2
2;Lucie;w;2
2;Holger;m;2
2;Lydia;w;2
2;Ilay;m;2
2;Madita;w;2
2;Ilias;m;2
2;Mai;w;2
2;Immanuel;m;2
2;Malin;w;2
2;Jacob;m;2
2;Malina;w;2
2;Jamal;m;2
2;Mara;w;2
2;Jan;m;2
2;Margaretha;w;2
2;Janosch;m;2
2;Marianne;w;2
2;Jaron;m;2
2;María;w;2
2;Jean;m;2
2;Maya;w;2
2;Joachim;m;2
2;Medine;w;2
2;Joon;m;2
2;Melek;w;2
2;Joseph;m;2
2;Mila;w;2
2;José;m;2
2;Miriam;w;2
2;Jürgen;m;2
2;Nadine;w;2
2;Karim;m;2
2;Nathalie;w;2
2;Karlo;m;2
2;Nicole;w;2
2;Kevin;m;2
2;Paulina;w;2
2;Klaus;m;2
2;Rahel;w;2
2;Krasimirov;m;2
2;Rosalie;w;2
2;Laurin;m;2
2;Sabine;w;2
2;Lennart;m;2
2;Sara;w;2
2;Leo;m;2
2;Sevda;w;2
2;Leonidas;m;2
2;Shoshana;w;2
2;Lino;m;2
2;Sofie;w;2
2;Loki;m;2
2;Stella;w;2
2;Ludwig;m;2
2;Sylvia;w;2
2;Luis;m;2
2;Tabea;w;2
2;Lutz;m;2
2;Tessa;w;2
2;Léon;m;2
2;Tiana;w;2
2;Magnus;m;2
2;Valeria;w;2
2;Marek;m;2
2;Veronika;w;2
2;Martín;m;2
2;Yaren;w;2
2;Matheo;m;2
2;Zeynep;w;2
2;Matthew;m;2
2;Matti;m;2
2;Maxim;m;2
2;Maël;m;2
2;Mert;m;2
2;Michail;m;2
2;Michel;m;2
2;Mika;m;2
2;Mike;m;2
2;Minh;m;2
2;Miraç;m;2
2;Mohamed;m;2
2;Moritz;m;2
2;Musa;m;2
2;Nathan;m;2
2;Neo;m;2
2;Nicolai;m;2
2;Nicolas;m;2
2;Niklas;m;2
2;Nikolaev;m;2
2;Nikolai;m;2
2;Nino;m;2
2;Norbert;m;2
2;Omar;m;2
2;Otis;m;2
2;Pepe;m;2
2;Quinn;m;2
2;Rafael;m;2
2;Ramadân;m;2
2;Rüzgar;m;2
2;Salih;m;2
2;Sidney;m;2
2;Steven;m;2
2;Talha;m;2
2;Tiberius;m;2
2;Valentino;m;2
2;Vicco;m;2
2;Vincent;m;2
2;Willy;m;2
2;Wolfgang;m;2
2;Yunus;m;2
2;Yusuf;m;2
2;Zion;m;2
2;Émile;m;2
2;Adele;w;1
2;Aila;w;1
2;Alexandra;w;1
2;Alicja;w;1
2;Alin;w;1
2;Alisa;w;1
2;Aliya;w;1
2;Aliyah;w;1
2;Amaya;w;1
2;Amilia;w;1
2;Ana;w;1
2;Anastasia;w;1
2;Anja;w;1
2;Annelie;w;1
2;Anni;w;1
2;Annie;w;1
2;Annika;w;1
2;Ariana;w;1
2;Arianna;w;1
2;Asmin;w;1
2;Avelina;w;1
2;Aya;w;1
2;Ayah;w;1
2;Barbara;w;1
2;Belinay;w;1
2;Berenike;w;1
2;Betül;w;1
2;Bianca;w;1
2;Blessing;w;1
2;Carina;w;1
2;Cecilia;w;1
2;Celin;w;1
2;Charlotta;w;1
2;Chiara;w;1
2;Cirin;w;1
2;Cosima;w;1
2;Damla;w;1
2;Derin;w;1
2;Abdurrahman;m;1
2;Dilara;w;1
2;Adar;m;1
2;Eda;w;1
2;Adnan;m;1
2;Elasu;w;1
2;Aleksandar;m;1
2;Eliana;w;1
2;Ante;m;1
2;Elida;w;1
2;Aramis;m;1
2;Elinor;w;1
2;Ares;m;1
2;Elizan;w;1
2;Ari;m;1
2;Elli;w;1
2;Arian;m;1
2;Elya;w;1
2;Arik;m;1
2;Emine;w;1
2;Arjuna;m;1
2;Emmi;w;1
2;Arne;m;1
2;Eniko;w;1
2;Aron;m;1
2;Enya;w;1
2;Asim;m;1
2;Eslem;w;1
2;Atlas;m;1
2;Evra;w;1
2;Aurelio;m;1
2;Fenja;w;1
2;Ayham;m;1
2;Finnja;w;1
2;Batu;m;1
2;Giulia;w;1
2;Bedirhan;m;1
2;Giuliana;w;1
2;Benedict;m;1
2;Golda;w;1
2;Benedikt;m;1
2;Grace;w;1
2;Berkay;m;1
2;Hana;w;1
2;Bo;m;1
2;Havin;w;1
2;Bünyamin;m;1
2;Hilda;w;1
2;Can;m;1
2;Hira;w;1
2;Carlo;m;1
2;Hosna;w;1
2;Cesur;m;1
2;Ines;w;1
2;Charlie;m;1
2;Isabel;w;1
2;Christoph;m;1
2;Isabelle;w;1
2;Cornelius;m;1
2;Iva;w;1
2;Cosmo;m;1
2;Janna;w;1
2;Damien;m;1
2;Jara;w;1
2;Danis;m;1
2;Jennifer;w;1
2;Dario;m;1
2;Joana;w;1
2;Darko;m;1
2;Jola;w;1
2;Dean;m;1
2;Josefine;w;1
2;Denis;m;1
2;Joyce;w;1
2;Deniz;m;1
2;Judy;w;1
2;Dennis;m;1
2;Kaia;w;1
2;Dorian;m;1
2;Kayla;w;1
2;Eddie;m;1
2;Laila;w;1
2;Eduard;m;1
2;Lale;w;1
2;Elijah;m;1
2;Lamia;w;1
2;Elind;m;1
2;Lavinia;w;1
2;Elliot;m;1
2;Laya;w;1
2;Elmar;m;1
2;Layan;w;1
2;Emre;m;1
2;Layla;w;1
2;Enes;m;1
2;Leona;w;1
2;Ertuğrul;m;1
2;Lijana;w;1
2;Fabio;m;1
2;Lilien;w;1
2;Felipe;m;1
2;Lilya;w;1
2;Flavio;m;1
2;Lin;w;1
2;Franz;m;1
2;Lisbeth;w;1
2;Giovanni;m;1
2;Liyah;w;1
2;Giulio;m;1
2;Liz;w;1
2;Hannes;m;1
2;Lola;w;1
2;Hanno;m;1
2;Lorena;w;1
2;Haydar;m;1
2;Lotte;w;1
2;Henrik;m;1
2;Louise;w;1
2;Ian;m;1
2;Maila;w;1
2;Idris;m;1
2;Malak;w;1
2;Ilan;m;1
2;Malin;w;1
2;Ilias;m;1
2;Maliya;w;1
2;Ilija;m;1
2;Maliyah;w;1
2;Ilja;m;1
2;Marieke;w;1
2;Jack;m;1
2;Mariella;w;1
2;Jackson;m;1
2;Marija;w;1
2;Jacob;m;1
2;Marika;w;1
2;Jafar;m;1
2;Marla;w;1
2;Jake;m;1
2;Marleen;w;1
2;Jalil;m;1
2;Marwa;w;1
2;James;m;1
2;Masal;w;1
2;Jannes;m;1
2;Medea;w;1
2;Jannik;m;1
2;Medina;w;1
2;Joschka;m;1
2;Melike;w;1
2;Joschua;m;1
2;Mia-Marie;w;1
2;Josef;m;1
2;Mieke;w;1
2;Joud;m;1
2;Mika;w;1
2;Kacper;m;1
2;Mimi;w;1
2;Kaleb;m;1
2;Minu;w;1
2;Karlo;m;1
2;Miral;w;1
2;Kerim;m;1
2;Mona;w;1
2;Konrad;m;1
2;Narin;w;1
2;Kuno;m;1
2;Nayla;w;1
2;Kurt;m;1
2;Nehir;w;1
2;Kuzey;m;1
2;Nika;w;1
2;Leandro;m;1
2;Noa;w;1
2;Leif;m;1
2;Noemi;w;1
2;Lennard;m;1
2;Nour;w;1
2;Lenny;m;1
2;Ophelia;w;1
2;Leonhard;m;1
2;Penelope;w;1
2;Leonidas;m;1
2;Perla;w;1
2;Levin;m;1
2;Philine;w;1
2;Lewis;m;1
2;Polina;w;1
2;Malek;m;1
2;Rahel;w;1
2;Manuel;m;1
2;Rayhana;w;1
2;Marco;m;1
2;Ria;w;1
2;Marius;m;1
2;Rita;w;1
2;Mathis;m;1
2;Riva;w;1
2;Mattia;m;1
2;Rose;w;1
2;Melih;m;1
2;Safiya;w;1
2;Miguel;m;1
2;Salome;w;1
2;Mikael;m;1
2;Selin;w;1
2;Mike;m;1
2;Sena;w;1
2;Mikolaj;m;1
2;Sevde;w;1
2;Musa;m;1
2;Sham;w;1
2;Nael;m;1
2;Shirin;w;1
2;Nevio;m;1
2;Sina;w;1
2;Nico;m;1
2;Stefania;w;1
2;Nikolaos;m;1
2;Sumaya;w;1
2;Nikolas;m;1
2;Teodora;w;1
2;Nivan;m;1
2;Tessa;w;1
2;Noel;m;1
2;Tiana;w;1
2;Nolan;m;1
2;Toni;w;1
2;Nour;m;1
2;Valeria;w;1
2;Nuri;m;1
2;Vera;w;1
2;Omer;m;1
2;Viktoria;w;1
2;Peter;m;1
2;Vivian;w;1
2;Petr;m;1
2;Yara;w;1
2;Phillip;m;1
2;Yasmina;w;1
2;Pino;m;1
2;Yağmur;w;1
2;Rami;m;1
2;Zahra;w;1
2;Riccardo;m;1
2;Zeliha;w;1
2;Rio;m;1
2;Zeyneb;w;1
2;Roman;m;1
2;Şura;w;1
2;Rudi;m;1
2;Salah;m;1
2;Salvatore;m;1
2;Samet;m;1
2;Samir;m;1
2;Semih;m;1
2;Seyit;m;1
2;Simeon;m;1
2;Stellan;m;1
2;Talha;m;1
2;Thabo;m;1
2;Thiago;m;1
2;Thomas;m;1
2;Tibet;m;1
2;Till;m;1
2;Tony;m;1
2;Victor;m;1
2;Wim;m;1
2;Yakub;m;1
2;Yakup;m;1
2;Yannick;m;1
2;Yasir;m;1
2;Yavuz;m;1
2;Yazan;m;1
2;Yousef;m;1
2;Zain;m;1
1;Albert;m;5
1;Ginette;w;5
1;Frederic;m;5
1;Johanna;w;5
1;Andrea;w;4
1;Alaska;m;4
1;Astrid;w;4
1;August;m;4
1;Charlotte;w;4
1;Bourbia;m;4
1;Courcy;w;4
1;Elamin;m;4
1;Elena;w;4
1;Jiade;m;4
1;Heidrun;w;4
1;Juri;m;4
1;Hermine;w;4
1;Kajetan;m;4
1;Lorin;w;4
1;Michael;m;4
1;Pini;w;4
1;Neumann;m;4
1;Regina;w;4
1;Nui;m;4
1;Sue;w;4
1;Quarshie;m;4
1;Valerie;w;4
1;Ronald;m;4
1;Verena;w;4
1;Roy;m;4
1;Seddik;m;4
1;Sina;m;4
1;Taha;m;4
1;Winfried;m;4
1;Winnetou;m;4
1;Adole;w;3
1;Afriyie;w;3
1;Agate;w;3
1;Abbas;m;3
1;Ainara;w;3
1;Abdulla;m;3
1;Aleksandrovna;w;3
1;Akihiro;m;3
1;Alesia;w;3
1;Alexis;m;3
1;Alessandra;w;3
1;Alfred;m;3
1;Alexsandra;w;3
1;Alfredo;m;3
1;Alice;w;3
1;Aloys;m;3
1;Alina;w;3
1;Alwin;m;3
1;Amaira;w;3
1;Amadeus;m;3
1;Amal;w;3
1;Amar;m;3
1;Amelie;w;3
1;An;m;3
1;Amy;w;3
1;Anselm;m;3
1;Andrea;w;3
1;Arnulf;m;3
1;Andrea-Dagmar;w;3
1;Asamoah;m;3
1;Andrée;w;3
1;Ashita;m;3
1;Angela;w;3
1;August;m;3
1;Anna;w;3
1;Aurelian;m;3
1;Annabelle;w;3
1;Azzam;m;3
1;Annemarie;w;3
1;Barry;m;3
1;Annette;w;3
1;Belal;m;3
1;Anouk;w;3
1;Benedikt;m;3
1;Apo;w;3
1;Bengt;m;3
1;Aria;w;3
1;Benjamin;m;3
1;Arielle;w;3
1;Berat;m;3
1;Ariette;w;3
1;Béla;m;3
1;Ashley;w;3
1;Chris;m;3
1;Atuh;w;3
1;Christoffer;m;3
1;Aurora;w;3
1;Christoph;m;3
1;Aziza;w;3
1;Christopher;m;3
1;Beatrice;w;3
1;Cihan;m;3
1;Birgit;w;3
1;Cooper;m;3
1;Bowei;w;3
1;Cosmo;m;3
1;Caoimhe;w;3
1;Damani;m;3
1;Carolina;w;3
1;Desu;m;3
1;Catherine;w;3
1;Dietmar;m;3
1;Cerise;w;3
1;Emil;m;3
1;Chelel;w;3
1;Emin;m;3
1;Chi;w;3
1;Erhard;m;3
1;Chittan;w;3
1;Ewan;m;3
1;Christin;w;3
1;Felix;m;3
1;de;w;3
1;Fidél;m;3
1;Dora;w;3
1;Fiete;m;3
1;Dorothea;w;3
1;Frank;m;3
1;Dorothée;w;3
1;Franz;m;3
1;Duong;w;3
1;Fridolin;m;3
1;Edith;w;3
1;Friedrich;m;3
1;Elena;w;3
1;Félicien;m;3
1;Eleonora;w;3
1;Garabet;m;3
1;Elise;w;3
1;Georg;m;3
1;Emily;w;3
1;George;m;3
1;Erika;w;3
1;Gioia;m;3
1;Esperanza;w;3
1;Giuseppe;m;3
1;Esther;w;3
1;Gregor;m;3
1;Faith;w;3
1;Gérard;m;3
1;Fee;w;3
1;Hamid;m;3
1;Feline;w;3
1;Hassan;m;3
1;Florentine;w;3
1;Heinrich;m;3
1;Franziska;w;3
1;Heinz;m;3
1;Freya;w;3
1;Hendrik;m;3
1;Frieda;w;3
1;Hoang;m;3
1;Friederike;w;3
1;Hovannes;m;3
1;Gerda;w;3
1;Hưng;m;3
1;Gracia;w;3
1;Ibrahim;m;3
1;Halina;w;3
1;Immanuel;m;3
1;Hameed;w;3
1;Ishay;m;3
1;Hana;w;3
1;Jamal;m;3
1;Hannelore;w;3
1;Jan;m;3
1;Helene;w;3
1;Jaspal;m;3
1;Herta;w;3
1;Jathro;m;3
1;Hind;w;3
1;Jermaine;m;3
1;Homaira;w;3
1;Joakim;m;3
1;Hope;w;3
1;Johann;m;3
1;Ilka;w;3
1;Johannes;m;3
1;Ilonka;w;3
1;John;m;3
1;Irisa;w;3
1;Jonas;m;3
1;Irmgard;w;3
1;Jonathan;m;3
1;Jayli;w;3
1;Joscelin;m;3
1;Jeanne;w;3
1;Josef;m;3
1;Jinju;w;3
1;Jozef;m;3
1;Josefine;w;3
1;Julian;m;3
1;Josephine;w;3
1;Junior;m;3
1;Judith;w;3
1;Jusmir;m;3
1;Juliane;w;3
1;Karl;m;3
1;Junis;w;3
1;Karsten;m;3
1;Kanon;w;3
1;Kazimierz;m;3
1;Karin;w;3
1;Kenan;m;3
1;Kim;w;3
1;Khilla;m;3
1;Kongnso;w;3
1;Kjell;m;3
1;Laetitia;w;3
1;Klaus;m;3
1;Lali;w;3
1;Kofi;m;3
1;Laye;w;3
1;Komugisha;m;3
1;Leilani;w;3
1;Konstantin;m;3
1;Lena;w;3
1;Kouakou;m;3
1;Lillesol;w;3
1;Lars;m;3
1;Linnea;w;3
1;Laszlo;m;3
1;Lioba;w;3
1;Lennard;m;3
1;Lore;w;3
1;Leonard;m;3
1;Lotta;w;3
1;Lero;m;3
1;Lucie;w;3
1;Leroy;m;3
1;Luckrezia;w;3
1;Loevan;m;3
1;Luisa;w;3
1;Loureiro;m;3
1;Léansidhe;w;3
1;Luca;m;3
1;Magdalena;w;3
1;Lucas;m;3
1;Makiesse;w;3
1;Ludwig;m;3
1;Malala;w;3
1;Lutz;m;3
1;Manuela;w;3
1;Madinda;m;3
1;Mareen;w;3
1;Malik;m;3
1;Margaretha;w;3
1;Manfred;m;3
1;Marielle;w;3
1;Manhage;m;3
1;Martha;w;3
1;Marc;m;3
1;María;w;3
1;Maria;m;3
1;Mawuena;w;3
1;Markus;m;3
1;Maya;w;3
1;Martin;m;3
1;Melanie;w;3
1;Mattis;m;3
1;Melinda;w;3
1;Matías;m;3
1;Melodie;w;3
1;Maxim;m;3
1;Mia;w;3
1;Maximilian;m;3
1;Michelle;w;3
1;Merlin;m;3
1;Milla;w;3
1;Milan;m;3
1;Mohammad;w;3
1;Moffaq;m;3
1;Monika;w;3
1;Mohamed;m;3
1;Moon;w;3
1;Mustafa;m;3
1;Màiri;w;3
1;Nanuk;m;3
1;Naira;w;3
1;Nezam;m;3
1;Naomi;w;3
1;Nikolai;m;3
1;Ngozi;w;3
1;Nils;m;3
1;Nhi;w;3
1;Niyaz;m;3
1;Nicole;w;3
1;Olaf;m;3
1;Nur;w;3
1;Oskar;m;3
1;Océanne;w;3
1;Pancho;m;3
1;Ottilie;w;3
1;Pascal;m;3
1;Owusu;w;3
1;Philip;m;3
1;Patricia;w;3
1;Plum;m;3
1;Paula;w;3
1;Pollux;m;3
1;Qizi;w;3
1;Property;m;3
1;Rainbow;w;3
1;Raanan;m;3
1;Regina;w;3
1;Ravnborg;m;3
1;Rei;w;3
1;Raymond;m;3
1;Rica;w;3
1;Reiner;m;3
1;Rita;w;3
1;Rocket;m;3
1;Rojda;w;3
1;Ronald;m;3
1;Rosa;w;3
1;Ryan;m;3
1;Rosemarie;w;3
1;Rüdiger;m;3
1;Ruixi;w;3
1;Saeed;m;3
1;Salome;w;3
1;Se-ron;m;3
1;Sama;w;3
1;Silvester;m;3
1;Seline;w;3
1;Stanisław;m;3
1;Sofie;w;3
1;Svensson;m;3
1;Soleil;w;3
1;Sylvester;m;3
1;Su;w;3
1;Tama;m;3
1;Sue;w;3
1;Teku;m;3
1;Susanne;w;3
1;Thomas;m;3
1;Syme;w;3
1;Thorsten;m;3
1;Tabea;w;3
1;Tobias;m;3
1;Talcha;w;3
1;Tomov;m;3
1;Teresa;w;3
1;Túpac;m;3
1;Tewodros;w;3
1;Valentino;m;3
1;Thea;w;3
1;Vargas;m;3
1;Thư;w;3
1;Viktor;m;3
1;Tiffany;w;3
1;Vitus;m;3
1;Türkan;w;3
1;Volker;m;3
1;Valentina;w;3
1;Wang;m;3
1;Valentine;w;3
1;Weiß;m;3
1;Veronica;w;3
1;Willi;m;3
1;Victoria;w;3
1;Willy;m;3
1;Waltraud;w;3
1;Wim;m;3
1;Yang;w;3
1;Winnrich;m;3
1;Yağmur;w;3
1;Ziya;m;3
1;Young;w;3
1;Ömer;m;3
1;Yue;w;3
1;Zaby;w;3
1;Zahra;w;3
1;Zofia;w;3
1;Zsa-Zsa;w;3
1;Aava;w;2
1;Adele;w;2
1;Adile;w;2
1;Adipa;w;2
1;Adriana;w;2
1;Aemilia;w;2
1;Aglaia;w;2
1;Ahmad;w;2
1;Aiana;w;2
1;Aimée;w;2
1;Aino;w;2
1;Aissata;w;2
1;Aişe;w;2
1;Alana;w;2
1;Alara;w;2
1;Aleksandrovna;w;2
1;Alenka;w;2
1;Alessandra;w;2
1;Alexis;w;2
1;Aleya;w;2
1;Ali;w;2
1;Alicja;w;2
1;Alisa;w;2
1;Alla;w;2
1;Alma;w;2
1;Alsham;w;2
1;Amalie;w;2
1;Amena;w;2
1;Amilia;w;2
1;Amine;w;2
1;Amka;w;2
1;Ammar;w;2
1;Amy;w;2
1;Anabel;w;2
1;Anam;w;2
1;Anelija;w;2
1;Angela;w;2
1;Angelique;w;2
1;Angelove;w;2
1;Anissa;w;2
1;Anja;w;2
1;Anjuli;w;2
1;Annabel;w;2
1;Annabell;w;2
1;;m;2
1;Annabelle;w;2
1;Abamonga;m;2
1;Annalena;w;2
1;Abdallah;m;2
1;Annelie;w;2
1;Abdullah;m;2
1;Annik;w;2
1;Abdulwahab;m;2
1;Annimarie;w;2
1;Abdurrahman;m;2
1;Anny;w;2
1;Abram;m;2
1;Antonette;w;2
1;Abriel;m;2
1;Apollonia;w;2
1;Achim;m;2
1;Ariana;w;2
1;Adama;m;2
1;Arsen;w;2
1;Adnan;m;2
1;Ashanti;w;2
1;Aeneas;m;2
1;Aslıhan;w;2
1;Agron;m;2
1;Astikya;w;2
1;Ahmad;m;2
1;Athina;w;2
1;Aiden;m;2
1;Atiyah;w;2
1;Akana;m;2
1;Augusta;w;2
1;Aki;m;2
1;Aurelia;w;2
1;Akif;m;2
1;Aurica;w;2
1;Akira;m;2
1;Aurora;w;2
1;Al-Faruq;m;2
1;Ayla;w;2
1;Aladdin;m;2
1;Aylin;w;2
1;Alain;m;2
1;Azra;w;2
1;Aldin;m;2
1;Açelya;w;2
1;Aldo;m;2
1;Bahar;w;2
1;Alessandro;m;2
1;Bai;w;2
1;Alessio;m;2
1;Belana;w;2
1;Alexei;m;2
1;Bella;w;2
1;Alexis;m;2
1;Betül;w;2
1;Alhamid;m;2
1;Binta;w;2
1;Aliyar;m;2
1;Blandine;w;2
1;Aljoscha;m;2
1;Blanka;w;2
1;Alla;m;2
1;Blessing;w;2
1;Allan;m;2
1;Bobeaa;w;2
1;Alvar;m;2
1;Boguslawa;w;2
1;Amadu;m;2
1;Bomi;w;2
1;Amaru;m;2
1;Bożena;w;2
1;Amato;m;2
1;Caren;w;2
1;Amine;m;2
1;Carina;w;2
1;Amir;m;2
1;Carlota;w;2
1;Amirovič;m;2
1;Carmen;w;2
1;Amon;m;2
1;Carola;w;2
1;Ananda;m;2
1;Cassandra;w;2
1;Andrei;m;2
1;Catalina;w;2
1;Andrens;m;2
1;Catharina;w;2
1;Andrew;m;2
1;Cazibe;w;2
1;Andrés;m;2
1;Ceren;w;2
1;Angelov;m;2
1;Chahat;w;2
1;Anjo;m;2
1;Chanel;w;2
1;Antonin;m;2
1;Charalampia;w;2
1;Antonovič;m;2
1;Charlene;w;2
1;Antuvan;m;2
1;Chi;w;2
1;Aren;m;2
1;Chisimdiri;w;2
1;Arjuna;m;2
1;Chloé;w;2
1;Arkadiusz;m;2
1;Cindy;w;2
1;Arlo;m;2
1;Cisillia;w;2
1;Armin;m;2
1;Clarissa;w;2
1;Arnie;m;2
1;Cleo;w;2
1;Arno;m;2
1;Coco;w;2
1;Aron;m;2
1;Corinna;w;2
1;Arumai;m;2
1;Cosima;w;2
1;Arvid;m;2
1;Céline;w;2
1;Asa;m;2
1;Dahlia;w;2
1;Asaf;m;2
1;Dalanda;w;2
1;Asenov;m;2
1;Dalia;w;2
1;Asker;m;2
1;Dana;w;2
1;Astor;m;2
1;Darinka;w;2
1;Ata;m;2
1;Davina;w;2
1;Ateş;m;2
1;Delara;w;2
1;Aurelius;m;2
1;Delilah;w;2
1;Avel;m;2
1;Deniz;w;2
1;Ayaan;m;2
1;Deyanova;w;2
1;Ayad;m;2
1;Dian;w;2
1;Ayyoub;m;2
1;Diana;w;2
1;Babacar;m;2
1;Diogo;w;2
1;Baer;m;2
1;Dmytrivna;w;2
1;Bahoz;m;2
1;Donata;w;2
1;Baks;m;2
1;Ebrar;w;2
1;Baltasar;m;2
1;Ece;w;2
1;Barechiel;m;2
1;Ecrin;w;2
1;Bariç;m;2
1;Edda;w;2
1;Barrister;m;2
1;Elaila;w;2
1;Batu;m;2
1;Elenia;w;2
1;Bautista;m;2
1;Eleonore;w;2
1;Bayram;m;2
1;Elfriede;w;2
1;Becken;m;2
1;Eliana;w;2
1;Beckley;m;2
1;Elias;w;2
1;Behur;m;2
1;Elke;w;2
1;Bendix;m;2
1;Ella;w;2
1;Bene;m;2
1;Elli;w;2
1;Benne;m;2
1;Ellida;w;2
1;Bent;m;2
1;Eloghosa;w;2
1;Bera;m;2
1;Elouisa;w;2
1;Berengar;m;2
1;Elsa;w;2
1;Beric;m;2
1;Elsbeth;w;2
1;Berno;m;2
1;Elya;w;2
1;Bero;m;2
1;Elzahraa;w;2
1;Bilal;m;2
1;Eléonore;w;2
1;Bolin;m;2
1;Elżbieta;w;2
1;Borislavov;m;2
1;Emel;w;2
1;Bowie;m;2
1;Emerson;w;2
1;Brayce;m;2
1;Emilija;w;2
1;Broadwood;m;2
1;Emine;w;2
1;Brun;m;2
1;Emmi;w;2
1;Burkhard;m;2
1;Emna;w;2
1;Byron;m;2
1;Enie;w;2
1;Béla;m;2
1;Enisa;w;2
1;Caaviyan;m;2
1;Enna;w;2
1;Caleb;m;2
1;Erica;w;2
1;Camillo;m;2
1;Erna;w;2
1;Carlo;m;2
1;Erna-Lies;w;2
1;Cemil;m;2
1;Erva;w;2
1;Cesur;m;2
1;Eseosa;w;2
1;Chambal;m;2
1;Esmeralda;w;2
1;Channarong;m;2
1;Estelle;w;2
1;Che;m;2
1;Esther;w;2
1;Chimdike;m;2
1;Eszter;w;2
1;Chiranjiv;m;2
1;Etty;w;2
1;Christoph;m;2
1;Evangeline;w;2
1;Christopher;m;2
1;Evelin;w;2
1;Chukri;m;2
1;Eveline;w;2
1;Chukwuebuka;m;2
1;Evelyne;w;2
1;Claus;m;2
1;Eylül;w;2
1;Connor;m;2
1;Fabienne;w;2
1;Cosmo;m;2
1;Fadime;w;2
1;Czesław;m;2
1;Fannie;w;2
1;Dani;m;2
1;Fatima;w;2
1;Darko;m;2
1;Fatma;w;2
1;Darwin;m;2
1;Faye;w;2
1;Davide;m;2
1;Fee;w;2
1;Daví;m;2
1;Feline;w;2
1;Daymen;m;2
1;Felize;w;2
1;Dejan;m;2
1;Fereshteh;w;2
1;Deniro;m;2
1;Ferial;w;2
1;Dennis;m;2
1;Fernanda;w;2
1;Deny;m;2
1;Feven;w;2
1;Devin;m;2
1;Filipa;w;2
1;Diego;m;2
1;Filippa;w;2
1;Dimitrios;m;2
1;Friederike;w;2
1;Dios;m;2
1;Gabi;w;2
1;Diren;m;2
1;Gabriele;w;2
1;Diyanov;m;2
1;Ganimet;w;2
1;Diyar;m;2
1;Gelia;w;2
1;Dmitrievič;m;2
1;Georgina;w;2
1;Domingo;m;2
1;Giovanna;w;2
1;Dominic;m;2
1;Gisela;w;2
1;Dorian;m;2
1;Giulia;w;2
1;Durmuş;m;2
1;Grace;w;2
1;Dustin;m;2
1;Greetje;w;2
1;Duy;m;2
1;Grete;w;2
1;Ebbo;m;2
1;Guadalupe;w;2
1;Eberhardt;m;2
1;Gönül;w;2
1;Eddie;m;2
1;Gülende;w;2
1;Eddin;m;2
1;Ha;w;2
1;Edelfrid;m;2
1;Hanami;w;2
1;Edmund;m;2
1;Hanen;w;2
1;Edo;m;2
1;Hannah;w;2
1;Eduard;m;2
1;Hanne;w;2
1;Edvard;m;2
1;Hannelore;w;2
1;Edwin;m;2
1;Hanni;w;2
1;Efraim;m;2
1;Harper;w;2
1;Egid;m;2
1;Haydée;w;2
1;Ehab;m;2
1;Hazal;w;2
1;Elia;m;2
1;Hazel;w;2
1;Elian;m;2
1;Hedi;w;2
1;Elie;m;2
1;Hedwig;w;2
1;Elios;m;2
1;Heidi;w;2
1;Elliot;m;2
1;Heiður;w;2
1;Ellis;m;2
1;Helga;w;2
1;Elmar;m;2
1;Heli;w;2
1;Elvino;m;2
1;Hermiine;w;2
1;Emiliano;m;2
1;Hildegard;w;2
1;Emilio;m;2
1;Hiranur;w;2
1;Emmi;m;2
1;Hjort;w;2
1;Emre;m;2
1;Hlín;w;2
1;Emrullah;m;2
1;Hyab;w;2
1;Enbiya;m;2
1;Hyun;w;2
1;Enoh;m;2
1;Hyuseinova;w;2
1;Enrique;m;2
1;Hélyette;w;2
1;Eray;m;2
1;Hêvî;w;2
1;Erden;m;2
1;Ibrahim;w;2
1;Erich;m;2
1;Ica;w;2
1;Ernesto;m;2
1;Ifeoma;w;2
1;Ernst;m;2
1;Ikbal;w;2
1;Eugene;m;2
1;Il'inična;w;2
1;Evarist;m;2
1;Iljana;w;2
1;Ewaoche;m;2
1;Ina;w;2
1;Eyüp;m;2
1;İnci;w;2
1;Ezekiel;m;2
1;Indira;w;2
1;Ezel;m;2
1;Ines;w;2
1;Fabio;m;2
1;Ingrid;w;2
1;Fabrice;m;2
1;İoana;w;2
1;Fadi;m;2
1;Ioanna;w;2
1;Faruk;m;2
1;Iolani;w;2
1;Fatih;m;2
1;Irm;w;2
1;Fayakun;m;2
1;Isa;w;2
1;Federico;m;2
1;Isabella;w;2
1;Feliks;m;2
1;Islay;w;2
1;Ferman;m;2
1;Iva;w;2
1;Fernand;m;2
1;Ivanova;w;2
1;Fernando;m;2
1;Ivy;w;2
1;Fetih;m;2
1;Jacqueline;w;2
1;Fidanov;m;2
1;Jahnavi;w;2
1;Filip;m;2
1;Jaina;w;2
1;Fotios;m;2
1;Jamila;w;2
1;Francis;m;2
1;Janina;w;2
1;Frank-Elden;m;2
1;Janine;w;2
1;Fridtjof;m;2
1;Jayla;w;2
1;Friedemann;m;2
1;Jazzmin;w;2
1;Fritze;m;2
1;Jean;w;2
1;Gabriele;m;2
1;Jeannette;w;2
1;Gamal;m;2
1;Jella;w;2
1;Gaston;m;2
1;Jemina;w;2
1;George;m;2
1;Jennifer;w;2
1;Gerhard;m;2
1;Jessica;w;2
1;Gero;m;2
1;Jette;w;2
1;Gilbert;m;2
1;Jia;w;2
1;Giuliano;m;2
1;Jmiaa;w;2
1;Giuseppe;m;2
1;Joan;w;2
1;Glen;m;2
1;Joleen;w;2
1;Gods;m;2
1;Jolene;w;2
1;Grant;m;2
1;Joline;w;2
1;Grey;m;2
1;Jonelle;w;2
1;Grzegorz;m;2
1;Jordan;w;2
1;Güney;m;2
1;Jorinde;w;2
1;Hagen;m;2
1;Josefin;w;2
1;Halis;m;2
1;Josefina;w;2
1;Hamid-Mahmud;m;2
1;Josepha;w;2
1;Hamse;m;2
1;Jot;w;2
1;Hani;m;2
1;Joy;w;2
1;Harry;m;2
1;Juana;w;2
1;Harun;m;2
1;Judith;w;2
1;Hassan;m;2
1;Jule;w;2
1;Haydar;m;2
1;Jules;w;2
1;Haymo;m;2
1;Juli;w;2
1;Heinrich;m;2
1;June;w;2
1;Heinz;m;2
1;Justyna;w;2
1;Heisam;m;2
1;Kai-Qi;w;2
1;Hendrik;m;2
1;Kaisa;w;2
1;Henning;m;2
1;Kamsiyochukwu;w;2
1;Henryk;m;2
1;Karlien;w;2
1;Hicran;m;2
1;Karola;w;2
1;Hoang;m;2
1;Karolina;w;2
1;Holm;m;2
1;Karoline;w;2
1;Huaijin;m;2
1;Kasima;w;2
1;Hugh;m;2
1;Katalin;w;2
1;Hugo;m;2
1;Kate;w;2
1;Hussain;m;2
1;Katherina;w;2
1;Hybrid;m;2
1;Katja;w;2
1;Hüseyin;m;2
1;Kaur;w;2
1;Hữu-Minh;m;2
1;Kavya;w;2
1;Igor;m;2
1;Kaya;w;2
1;Ikechukwu;m;2
1;Kea;w;2
1;Ilai;m;2
1;Keziban;w;2
1;Ilia;m;2
1;Khadija;w;2
1;Ilija;m;2
1;Kheira;w;2
1;Inti;m;2
1;Kimiko;w;2
1;Iosif;m;2
1;Klee;w;2
1;Isaías;m;2
1;Koko;w;2
1;Ismael;m;2
1;Konstantin;w;2
1;Ismail;m;2
1;Kristina;w;2
1;Ivan;m;2
1;Krystyna;w;2
1;Ivanov;m;2
1;Ksenia;w;2
1;Jace;m;2
1;Laetitia;w;2
1;Jacinto;m;2
1;Laila;w;2
1;Jaden;m;2
1;Layla;w;2
1;Jaimy;m;2
1;Le;w;2
1;Jakub;m;2
1;Leia;w;2
1;Jakup;m;2
1;Leigh;w;2
1;Jamain;m;2
1;Leokadia;w;2
1;Jameson;m;2
1;Leonora;w;2
1;Jamie;m;2
1;Leonore;w;2
1;Jamil;m;2
1;Letizia;w;2
1;Janis;m;2
1;Levke;w;2
1;Jari;m;2
1;Leyla;w;2
1;Jaro;m;2
1;Liah;w;2
1;Jasper;m;2
1;Liao;w;2
1;Jayden;m;2
1;Lidia;w;2
1;Jayden-Dean;m;2
1;Lieke;w;2
1;Jelte;m;2
1;Lielle;w;2
1;Jeremiah;m;2
1;Liesbeth;w;2
1;Jerónimo;m;2
1;Lieschen;w;2
1;Jiawei;m;2
1;Lieselotte;w;2
1;Jihad;m;2
1;Lilani;w;2
1;Jona;m;2
1;Lili;w;2
1;Jonah;m;2
1;Liliane;w;2
1;Jorin;m;2
1;Lilie;w;2
1;Joschua;m;2
1;Lilith;w;2
1;Joshua;m;2
1;Lilli;w;2
1;Josias;m;2
1;Lilly;w;2
1;Jost;m;2
1;Lilybell;w;2
1;Josua;m;2
1;Lin;w;2
1;Jovan;m;2
1;Line;w;2
1;Joël;m;2
1;Linnea;w;2
1;Jules;m;2
1;Linnéa;w;2
1;Juma;m;2
1;Liora;w;2
1;Junis;m;2
1;Lisanne;w;2
1;Juri;m;2
1;Lisbeth;w;2
1;Juris;m;2
1;Liselotte;w;2
1;Kacper;m;2
1;Liya;w;2
1;Kalil;m;2
1;Lofenia;w;2
1;Kar;m;2
1;Lore;w;2
1;Kasimir;m;2
1;Lorin;w;2
1;Kağan;m;2
1;Lorîn;w;2
1;Keano;m;2
1;Lotus;w;2
1;Keanu;m;2
1;Louisa;w;2
1;Kemal;m;2
1;Louiza;w;2
1;Kerem;m;2
1;Luara;w;2
1;Kerim;m;2
1;Luciana;w;2
1;Khanh;m;2
1;Lucja;w;2
1;Kim;m;2
1;Lucrezia;w;2
1;King;m;2
1;Luna;w;2
1;Klemens;m;2
1;Ly;w;2
1;Kofi;m;2
1;Lya;w;2
1;Kojo;m;2
1;Lynn;w;2
1;Kolja;m;2
1;Mae;w;2
1;Kornel;m;2
1;Magali;w;2
1;Kunibert;m;2
1;Mah;w;2
1;Kurt;m;2
1;Maide;w;2
1;Kuzey;m;2
1;Maiju;w;2
1;Kwame;m;2
1;Mailin;w;2
1;Ladu;m;2
1;Majvi;w;2
1;Lamin;m;2
1;Makeda;w;2
1;Lanciné;m;2
1;Malaika;w;2
1;Lannis;m;2
1;Malea;w;2
1;Lano;m;2
1;Malene;w;2
1;Lasse;m;2
1;Malie;w;2
1;Layth;m;2
1;Manao;w;2
1;Lean;m;2
1;Manatou;w;2
1;Leandro;m;2
1;Manuela;w;2
1;Lee;m;2
1;Mareile;w;2
1;Legolas;m;2
1;Margareta;w;2
1;Lemalian;m;2
1;Margarethe;w;2
1;Lenn;m;2
1;Margarita;w;2
1;Lennard;m;2
1;Margaux;w;2
1;Lenny;m;2
1;Margita;w;2
1;Leonardo;m;2
1;Mariam;w;2
1;Leone;m;2
1;Mariana;w;2
1;Leonhard;m;2
1;Maribel;w;2
1;Leonid;m;2
1;Marietta;w;2
1;Leonis;m;2
1;Marigona;w;2
1;Leopold;m;2
1;Marija;w;2
1;Levent;m;2
1;Marika;w;2
1;Lewin;m;2
1;Maris;w;2
1;Lin;m;2
1;Marit;w;2
1;Lion;m;2
1;Marla;w;2
1;Long;m;2
1;Marlen;w;2
1;Lorenz;m;2
1;Marlies;w;2
1;Lorenzo;m;2
1;Mary;w;2
1;Lorong;m;2
1;Maryline;w;2
1;Lothar;m;2
1;Mathea;w;2
1;Lou;m;2
1;Matilde;w;2
1;Lovis;m;2
1;Maxi;w;2
1;Luam;m;2
1;May;w;2
1;Luar;m;2
1;Mayra;w;2
1;Luca-Joel;m;2
1;Maëlle;w;2
1;Lucas;m;2
1;Maïmouna;w;2
1;Lucien;m;2
1;Mehmed;w;2
1;Ludvig;m;2
1;Mei;w;2
1;Luiz;m;2
1;Meliha;w;2
1;Luka;m;2
1;Melis;w;2
1;Lysander;m;2
1;Melissa;w;2
1;Lâm;m;2
1;Melodi;w;2
1;Léo;m;2
1;Melodie;w;2
1;Mads;m;2
1;Melody;w;2
1;Mady;m;2
1;Merete;w;2
1;Malebo;m;2
1;Merida;w;2
1;Malio;m;2
1;Merle;w;2
1;Malou;m;2
1;Meru;w;2
1;Mani;m;2
1;Meryem;w;2
1;Mar;m;2
1;Meta;w;2
1;Marcel;m;2
1;Mia-Lucie;w;2
1;Marcin;m;2
1;Mica;w;2
1;Marcus;m;2
1;Michaela;w;2
1;Marian;m;2
1;Miep;w;2
1;Marius;m;2
1;Mikolt;w;2
1;Marko;m;2
1;Milena;w;2
1;Markus;m;2
1;Milina;w;2
1;Marley;m;2
1;Milou;w;2
1;Marlin;m;2
1;Minal;w;2
1;Marten;m;2
1;Minara;w;2
1;Marvellous;m;2
1;Minel;w;2
1;Marven;m;2
1;Ming;w;2
1;Masao;m;2
1;Minire;w;2
1;Mathis;m;2
1;Minou;w;2
1;Matija;m;2
1;Mirai;w;2
1;Mats;m;2
1;Mirjana;w;2
1;Matthias;m;2
1;Miroslava;w;2
1;Matthäus;m;2
1;Miyoko;w;2
1;Mattia;m;2
1;Molly;w;2
1;Mauricio;m;2
1;Momo;w;2
1;Mehmedova;m;2
1;Momoko;w;2
1;Menderes;m;2
1;Monika;w;2
1;Merlin;m;2
1;Monroe;w;2
1;Messut;m;2
1;Muazzez;w;2
1;Metis;m;2
1;Muxi;w;2
1;Mi-an;m;2
1;Märthe;w;2
1;Mian;m;2
1;Nabiha;w;2
1;Miika;m;2
1;Nadia;w;2
1;Mikel;m;2
1;Naemi;w;2
1;Milan;m;2
1;Naima;w;2
1;Miloš;m;2
1;Nalani;w;2
1;Milton;m;2
1;Nancy;w;2
1;Mirza;m;2
1;Nanni;w;2
1;Mohammad;m;2
1;Nanz;w;2
1;Momo;m;2
1;Naoëlle;w;2
1;Morrissey;m;2
1;Natalie;w;2
1;Motawe;m;2
1;Nawal;w;2
1;Muaz;m;2
1;Nefeli;w;2
1;Muzaffer;m;2
1;Nefise;w;2
1;Mwebaza;m;2
1;Nermin;w;2
1;Naftali;m;2
1;Nico;w;2
1;Nahuel;m;2
1;Nihal;w;2
1;Nasir;m;2
1;Nika;w;2
1;Nathanaël;m;2
1;Nike;w;2
1;Nathaniel;m;2
1;Nil;w;2
1;Natthayot;m;2
1;Nileyn;w;2
1;Navid;m;2
1;Nima;w;2
1;Nazir;m;2
1;Ninova;w;2
1;Ndeckmambeng;m;2
1;Nirmala;w;2
1;Necati;m;2
1;Niya;w;2
1;Neill;m;2
1;Noa;w;2
1;Nemya;m;2
1;Noemí;w;2
1;Nevio;m;2
1;Nola;w;2
1;Neykov;m;2
1;Nora;w;2
1;Ngunza;m;2
1;Nuriddin;w;2
1;Niclas;m;2
1;Nyamekye;w;2
1;Nicolás;m;2
1;Oben;w;2
1;Nima;m;2
1;Oleksìïvna;w;2
1;Njurum;m;2
1;Onyiyechi;w;2
1;Noe;m;2
1;Osahenomase;w;2
1;Noheel;m;2
1;Osawehemen;w;2
1;Nolan;m;2
1;Ova;w;2
1;Nova;m;2
1;Owusuaa;w;2
1;Noël;m;2
1;Palina;w;2
1;Nuh;m;2
1;Pamuk;w;2
1;Nuri;m;2
1;Pangboon;w;2
1;Nâzım;m;2
1;Paskalia;w;2
1;Okko;m;2
1;Petra;w;2
1;Oktay;m;2
1;Philine;w;2
1;Olimpio;m;2
1;Polina;w;2
1;Omarion;m;2
1;Poppy;w;2
1;Orhan;m;2
1;Qasim;w;2
1;Ori;m;2
1;Rabia;w;2
1;Osman;m;2
1;Rachael;w;2
1;Oswald;m;2
1;Rada;w;2
1;Othniel;m;2
1;Rai;w;2
1;Otto;m;2
1;Ramize;w;2
1;Ove;m;2
1;Rayyana;w;2
1;Oğuz;m;2
1;Rebecca;w;2
1;Pablo;m;2
1;Regina;w;2
1;Pascal;m;2
1;Renate;w;2
1;Patrykovič;m;2
1;Reyhan;w;2
1;Phil;m;2
1;Reyyan;w;2
1;Phoenix;m;2
1;Rika;w;2
1;Phúc;m;2
1;Roberta;w;2
1;Pierrot;m;2
1;Rogatsa;w;2
1;Piet;m;2
1;Romina;w;2
1;Platon;m;2
1;Ronja;w;2
1;Pogo;m;2
1;Rosella;w;2
1;Poldi;m;2
1;Roswitha;w;2
1;Poyraz;m;2
1;Rozalina;w;2
1;Pren;m;2
1;Ruby;w;2
1;Quan;m;2
1;Ruveyda;w;2
1;Quentin;m;2
1;Rüya;w;2
1;Raban;m;2
1;Sabriya;w;2
1;Radosav;m;2
1;Sadat;w;2
1;Rafel;m;2
1;Saga;w;2
1;Raif;m;2
1;Sai;w;2
1;Rainer;m;2
1;Saida;w;2
1;Ralf;m;2
1;Salomea;w;2
1;Ramazan;m;2
1;Salomé;w;2
1;Raphael;m;2
1;Samadhi;w;2
1;Raphaël;m;2
1;Samai;w;2
1;Razak;m;2
1;Samira;w;2
1;Redha;m;2
1;Sandy;w;2
1;Remo;m;2
1;Sanjeev;w;2
1;Remzi;m;2
1;Sarah;w;2
1;Reza;m;2
1;Sare;w;2
1;Riley;m;2
1;Savana;w;2
1;Roben;m;2
1;Selma;w;2
1;Rohan;m;2
1;Sema;w;2
1;Rolf;m;2
1;Sergeeva;w;2
1;Roman;m;2
1;Sevgi;w;2
1;Romeo;m;2
1;Sezginova;w;2
1;Romy;m;2
1;Shade;w;2
1;Roni;m;2
1;Shana;w;2
1;Ronî;m;2
1;Sharelyn;w;2
1;Roul;m;2
1;Shirin;w;2
1;Rubén;m;2
1;Shuhan;w;2
1;Rudi;m;2
1;Sieglinde;w;2
1;Rudolf;m;2
1;Sima;w;2
1;Runar;m;2
1;Simona;w;2
1;Rupert;m;2
1;Simone;w;2
1;Rustan;m;2
1;Siún;w;2
1;Ryszard;m;2
1;Slej;w;2
1;Rémi;m;2
1;Soa;w;2
1;Saam;m;2
1;Sofiya;w;2
1;Sadiq;m;2
1;Soleil;w;2
1;Saeed;m;2
1;Soléa;w;2
1;Said;m;2
1;Soraya;w;2
1;Saif;m;2
1;Stephania;w;2
1;Saleh;m;2
1;Stone;w;2
1;Salis;m;2
1;Subhija;w;2
1;Salvatore;m;2
1;Sultan;w;2
1;Sambou;m;2
1;Sultana;w;2
1;Sami;m;2
1;Summer;w;2
1;Samy;m;2
1;Sunniva;w;2
1;Sang-Min;m;2
1;Susan;w;2
1;Santino;m;2
1;Susanne;w;2
1;Sascha;m;2
1;Sybil;w;2
1;Sefa;m;2
1;Tabitha;w;2
1;Senai;m;2
1;Theres;w;2
1;Senanov;m;2
1;Thuy;w;2
1;Serafin;m;2
1;Thyson;w;2
1;Sercan;m;2
1;Thùy;w;2
1;Sergalievič;m;2
1;Tiama;w;2
1;Sergeevič;m;2
1;Tilda;w;2
1;Sergio;m;2
1;Tipsmak;w;2
1;Seven;m;2
1;Traute;w;2
1;Severin;m;2
1;Tuana;w;2
1;Sevgin;m;2
1;Turna;w;2
1;Seydi;m;2
1;Tyurkyan;w;2
1;Seyit;m;2
1;Ufuoma;w;2
1;Seymen;m;2
1;Ulla;w;2
1;Seyyid;m;2
1;Undine;w;2
1;Shane;m;2
1;Uyshumovna;w;2
1;Shayan;m;2
1;Vakhidovna;w;2
1;Shu;m;2
1;Vasili;w;2
1;Siegfried;m;2
1;Veronica;w;2
1;Siegmar;m;2
1;Viacheslavovna;w;2
1;Silvan;m;2
1;Viola;w;2
1;Simone;m;2
1;Vitaliyivna;w;2
1;Sinan;m;2
1;Vladana;w;2
1;Sıraç;m;2
1;Wajiha;w;2
1;Sjaj;m;2
1;Wanda;w;2
1;Solomon;m;2
1;Wealth;w;2
1;Sory;m;2
1;Wilhelmina;w;2
1;Spencer;m;2
1;Wilhelmine;w;2
1;Stefan;m;2
1;Wolke;w;2
1;Stephan;m;2
1;Xiao;w;2
1;Su;m;2
1;Xuân;w;2
1;Sutiwat;m;2
1;Yajun;w;2
1;Swen;m;2
1;Yamuna;w;2
1;Sylvester;m;2
1;Yang;w;2
1;Süleyman;m;2
1;Yara;w;2
1;Sỹ;m;2
1;Yella;w;2
1;Tadeusz;m;2
1;Yerem;w;2
1;Tahar;m;2
1;Yildız;w;2
1;Tai;m;2
1;Yiu;w;2
1;Taim;m;2
1;Yosra;w;2
1;Tamino;m;2
1;Yu-Na;w;2
1;Tamo;m;2
1;Yuna;w;2
1;Tan;m;2
1;Yves;w;2
1;Tariku;m;2
1;Zahraa;w;2
1;Taylor;m;2
1;Zehra;w;2
1;Teoman;m;2
1;Zelda;w;2
1;Tesfaye;m;2
1;Zeliha;w;2
1;Thang;m;2
1;Zeyneb;w;2
1;Theo;m;2
1;Ziad;w;2
1;Theoderich;m;2
1;Zoé;w;2
1;Theodoros;m;2
1;Züleyah;w;2
1;Thet;m;2
1;Zümra;w;2
1;Thibo;m;2
1;Öykü;w;2
1;Thien;m;2
1;Thore;m;2
1;Thế-Minh;m;2
1;Tiago;m;2
1;Tibo;m;2
1;Tido;m;2
1;Til;m;2
1;Till;m;2
1;Tim;m;2
1;Timi;m;2
1;Timo;m;2
1;Tiziano;m;2
1;Tjaden;m;2
1;Tom;m;2
1;Tommy;m;2
1;Tomás;m;2
1;Toni;m;2
1;Toto;m;2
1;Tristan;m;2
1;Tsetskov;m;2
1;Tudor;m;2
1;Tuncay;m;2
1;Tuğra;m;2
1;Tú;m;2
1;Ulf;m;2
1;Ulli;m;2
1;Uraz;m;2
1;Urfan;m;2
1;Urs;m;2
1;Valentine;m;2
1;Var;m;2
1;Varian;m;2
1;Vasile;m;2
1;Vassilis;m;2
1;Ved;m;2
1;Veli;m;2
1;Victor;m;2
1;Ville;m;2
1;Vin;m;2
1;Vitanov;m;2
1;Viềt;m;2
1;Wael;m;2
1;Wakinyan;m;2
1;Waldemar;m;2
1;Warsito;m;2
1;Wenzel;m;2
1;Wilfried;m;2
1;Willi;m;2
1;Winfried;m;2
1;Wolfram;m;2
1;Xander;m;2
1;Xuan;m;2
1;Yakub;m;2
1;Yannik;m;2
1;Yao;m;2
1;Yassin;m;2
1;Yağız;m;2
1;Yordanov;m;2
1;Youn-Ho;m;2
1;Yuma;m;2
1;Yunis;m;2
1;Yusef;m;2
1;Yuwame;m;2
1;Zakaria;m;2
1;Zeyd;m;2
1;Zhao;m;2
1;Ziya;m;2
1;Zubayr;m;2
1;Zygfryd;m;2
1;Zâhid;m;2
1;Zülfikar;m;2
1;Çan;m;2
1;Çayan;m;2
1;Çınar;m;2
1;Étienne;m;2
1;Ömer;m;2
1;Ünver;m;2
1;Şan;m;2
1;Şevki;m;2
1;Aaliyah;w;1
1;Aaliyah-Leonie;w;1
1;Abby;w;1
1;Adalina;w;1
1;Adanna;w;1
1;Adea;w;1
1;Adina;w;1
1;Adora;w;1
1;Agapi;w;1
1;Agata;w;1
1;Agnes;w;1
1;Agnieszka;w;1
1;Ahed;w;1
1;Ahlam;w;1
1;Aida;w;1
1;Aidan;w;1
1;Aikaterini;w;1
1;Ainara;w;1
1;Aischa;w;1
1;Aisha;w;1
1;Ajla;w;1
1;Ajra;w;1
1;Akari;w;1
1;Alae;w;1
1;Alara;w;1
1;Alba;w;1
1;Aarón;m;1
1;Albrecht;w;1
1;Abbas;m;1
1;Alenna;w;1
1;Abbass;m;1
1;Alesia;w;1
1;Abdelmalek;m;1
1;Alessandra;w;1
1;Abdul;m;1
1;Aleyna-Saniye;w;1
1;Abdulkarim;m;1
1;Alia;w;1
1;Abdullah;m;1
1;Aliah;w;1
1;Abdulwahab;m;1
1;Alida;w;1
1;Abed;m;1
1;Alisea;w;1
1;Abuzer;m;1
1;Alix;w;1
1;Achille;m;1
1;Alişiya;w;1
1;Adel;m;1
1;Allison;w;1
1;Adi;m;1
1;Almila;w;1
1;Aeneas;m;1
1;Almina;w;1
1;Afrahim;m;1
1;Almira;w;1
1;Agambir;m;1
1;Alvina;w;1
1;Aidan;m;1
1;Alyona;w;1
1;Aihan;m;1
1;Amaliya;w;1
1;Aland;m;1
1;Amanat;w;1
1;Albert;m;1
1;Amar;w;1
1;Aleksander;m;1
1;Amara;w;1
1;Alessandro;m;1
1;Amber;w;1
1;Alexandros-Aggelos;m;1
1;Amerie;w;1
1;Alexey;m;1
1;Amiena;w;1
1;Alexis;m;1
1;Amila;w;1
1;Alhaji;m;1
1;Amit;w;1
1;Alican;m;1
1;Anahí;w;1
1;Alihan;m;1
1;Anastasija;w;1
1;Alisina;m;1
1;Anastasios;w;1
1;Alix;m;1
1;Anastazja;w;1
1;Almedin;m;1
1;Anaïs;w;1
1;Alparslan;m;1
1;Andrea;w;1
1;Alpaslan;m;1
1;Andreea;w;1
1;Alpay;m;1
1;Andreia;w;1
1;Alper;m;1
1;Anela;w;1
1;Alvar;m;1
1;Anelise;w;1
1;Alvin;m;1
1;Anesa;w;1
1;Alwin;m;1
1;Angela;w;1
1;Amanual;m;1
1;Angelina;w;1
1;Amaël;m;1
1;Angelique;w;1
1;Amer;m;1
1;Ani;w;1
1;Ammar;m;1
1;Anikó-Maria;w;1
1;Amon;m;1
1;Anna-Lena;w;1
1;Amro;m;1
1;Anna-Lucia;w;1
1;Amé;m;1
1;Anna-Luz;w;1
1;Anas;m;1
1;Anna-Marie;w;1
1;Andreas;m;1
1;Annabel;w;1
1;Andria;m;1
1;Annabell;w;1
1;Anes;m;1
1;Annalena;w;1
1;Angel;m;1
1;Anne;w;1
1;Angelo;m;1
1;Annegret;w;1
1;Anis;m;1
1;Annemarie;w;1
1;Anna;m;1
1;Anok;w;1
1;Anrai;m;1
1;Antonina;w;1
1;Anteo;m;1
1;Arash;w;1
1;Anthony;m;1
1;Aria;w;1
1;Antoni;m;1
1;Ariane;w;1
1;Antun;m;1
1;Arielle;w;1
1;António;m;1
1;Ariya;w;1
1;Anuar;m;1
1;Arlandria;w;1
1;Apollonas;m;1
1;Arumi;w;1
1;Aram;m;1
1;Arya;w;1
1;Arda;m;1
1;Asal;w;1
1;Ardian;m;1
1;Asel;w;1
1;Areldi;m;1
1;Asil;w;1
1;Aren;m;1
1;Asiya;w;1
1;Ariel;m;1
1;Aslı;w;1
1;Aris;m;1
1;Asmaa;w;1
1;Ariyan;m;1
1;Athina;w;1
1;Arjen;m;1
1;Aurela;w;1
1;Arnel;m;1
1;Aurora;w;1
1;Arnis;m;1
1;Ave;w;1
1;Arvid;m;1
1;Avril;w;1
1;Aslan;m;1
1;Awa;w;1
1;Aslı;m;1
1;Ayaat;w;1
1;Atakan;m;1
1;Ayat;w;1
1;Athanasios;m;1
1;Aylin;w;1
1;Augustin;m;1
1;Aymara;w;1
1;Aurelius;m;1
1;Ayoola;w;1
1;Aurian;m;1
1;Ayusha;w;1
1;Avan;m;1
1;Ayşe;w;1
1;Avi;m;1
1;Ayşegül;w;1
1;Avidan;m;1
1;Ayşehan;w;1
1;Avin;m;1
1;Açelya;w;1
1;Avî;m;1
1;Bahar;w;1
1;Ayaz;m;1
1;Bahati;w;1
1;Aydin;m;1
1;Banu;w;1
1;Aylan;m;1
1;Baria;w;1
1;Azam;m;1
1;Barry;w;1
1;Azgiiv;m;1
1;Batoul;w;1
1;Badiss;m;1
1;Batul;w;1
1;Bae-Jun;m;1
1;Bayan;w;1
1;Bahaa;m;1
1;Belana;w;1
1;Bai;m;1
1;Bella;w;1
1;Bao;m;1
1;Belma;w;1
1;Baran;m;1
1;Berfin;w;1
1;Barış;m;1
1;Beril;w;1
1;Barry;m;1
1;Betti;w;1
1;Bashir;m;1
1;Betty;w;1
1;Bassam;m;1
1;Betül-Gülzade;w;1
1;Bassem;m;1
1;Beāte;w;1
1;Bastian;m;1
1;Birsu;w;1
1;Batıhan;m;1
1;Brielle;w;1
1;Batuhan;m;1
1;Bruna;w;1
1;Batuğ;m;1
1;Budong;w;1
1;Bela;m;1
1;Caitlin;w;1
1;Ben-Joska;m;1
1;Cala;w;1
1;Ben-Luca;m;1
1;Cansu;w;1
1;Benian;m;1
1;Cara;w;1
1;Benicio;m;1
1;Carmen;w;1
1;Benito;m;1
1;Caroline;w;1
1;Benjamin-Gerard;m;1
1;Cassandra;w;1
1;Benji;m;1
1;Catherine;w;1
1;Benni;m;1
1;Celeste;w;1
1;Bente;m;1
1;Cemile;w;1
1;Ber;m;1
1;Ceren;w;1
1;Berat;m;1
1;Chioma;w;1
1;Berzan;m;1
1;Chloe;w;1
1;Bibars;m;1
1;Christina;w;1
1;Bob;m;1
1;Claire;w;1
1;Bobby;m;1
1;Clea;w;1
1;Bolin;m;1
1;Cloe;w;1
1;Borislav;m;1
1;Cloe-O'neal;w;1
1;Brain;m;1
1;Coral;w;1
1;Brandon;m;1
1;Dafni;w;1
1;Brian;m;1
1;Daiana;w;1
1;Bruce;m;1
1;Daisy;w;1
1;Bulut;m;1
1;Dana;w;1
1;Bắc;m;1
1;Danaya;w;1
1;Cadiz;m;1
1;Daniella;w;1
1;Caesar;m;1
1;Danika;w;1
1;Caio;m;1
1;Dariya;w;1
1;Callan;m;1
1;Delina;w;1
1;Can-Nail;m;1
1;Denya;w;1
1;Cansel;m;1
1;Destiny-Jouline;w;1
1;Carl-Adam;m;1
1;Devi;w;1
1;Carmelo;m;1
1;Devon;w;1
1;Cedric;m;1
1;Dilber;w;1
1;Charis;m;1
1;Dilem;w;1
1;Charly;m;1
1;Dima;w;1
1;Chinedu;m;1
1;Diệu;w;1
1;Christopher;m;1
1;Djamila;w;1
1;Christos;m;1
1;Djumana;w;1
1;Cihan;m;1
1;Doğa;w;1
1;Claas;m;1
1;Dua;w;1
1;Clay;m;1
1;Duana;w;1
1;Clemens;m;1
1;Duena;w;1
1;Colin;m;1
1;Eba-Marie;w;1
1;Confidence;m;1
1;Ebba;w;1
1;Connor;m;1
1;Ebral;w;1
1;Cristi;m;1
1;Ebru;w;1
1;Daimien;m;1
1;Ecem;w;1
1;Dajen;m;1
1;Ecren;w;1
1;Dang;m;1
1;Ecrin;w;1
1;Danilo;m;1
1;Edina;w;1
1;Danny;m;1
1;Edom;w;1
1;Dante;m;1
1;Elaa;w;1
1;Darian;m;1
1;Elaine;w;1
1;Darius;m;1
1;Elana;w;1
1;Dariusz;m;1
1;Elara;w;1
1;Darrel;m;1
1;Elayna;w;1
1;Dastan;m;1
1;Eleanor;w;1
1;Daven;m;1
1;Eleonora;w;1
1;David-Gabriel;m;1
1;Eleysa;w;1
1;Davin;m;1
1;Elfa;w;1
1;Davis;m;1
1;Elhaida;w;1
1;Davud;m;1
1;Eline;w;1
1;Davut;m;1
1;Eliya;w;1
1;Dawid;m;1
1;Elizaveta;w;1
1;Dawoud;m;1
1;Eliška;w;1
1;Denny;m;1
1;Elja;w;1
1;Deven;m;1
1;Ellen;w;1
1;Devran;m;1
1;Elly;w;1
1;Dewrêş;m;1
1;Ellyana;w;1
1;Diam;m;1
1;Eloisa;w;1
1;Dimitrios;m;1
1;Eloise;w;1
1;Djameel;m;1
1;Elora;w;1
1;Dominic;m;1
1;Else;w;1
1;Dominik;m;1
1;Elsy;w;1
1;Dragosch;m;1
1;Elva-Elinor;w;1
1;Duc;m;1
1;Elvana;w;1
1;Dwayne-Jaxon;m;1
1;Elçin;w;1
1;Dylan;m;1
1;Ema;w;1
1;Eden;m;1
1;Emel;w;1
1;Edi;m;1
1;Emelie-Rose;w;1
1;Ediz;m;1
1;Emi;w;1
1;Edward;m;1
1;Emie;w;1
1;Edwin-Florian;m;1
1;Emiko;w;1
1;Eero;m;1
1;Emilija;w;1
1;Efza;m;1
1;Emilja;w;1
1;Ege;m;1
1;Emilya;w;1
1;Egon;m;1
1;Emma-Mathilda;w;1
1;Eithan;m;1
1;Emmanuella;w;1
1;Ektoras;m;1
1;Emmy;w;1
1;Elayas;m;1
1;Emy;w;1
1;Eliah;m;1
1;Emília;w;1
1;Elias-Joel;m;1
1;Enda;w;1
1;Elija;m;1
1;Enid;w;1
1;Elijas;m;1
1;Enisa;w;1
1;Elio;m;1
1;Enissa;w;1
1;Eliot;m;1
1;Eniyavalli;w;1
1;Elisei;m;1
1;Enna;w;1
1;Elián;m;1
1;Enni;w;1
1;Elsan;m;1
1;Ensi;w;1
1;Elvan;m;1
1;Erda;w;1
1;Emanuel;m;1
1;Erina;w;1
1;Emcey;m;1
1;Erla;w;1
1;Emilias;m;1
1;Eryn;w;1
1;Emilius;m;1
1;Esilya;w;1
1;Emir-Kaan;m;1
1;Eslina;w;1
1;Emory;m;1
1;Esma;w;1
1;Emran;m;1
1;Esra;w;1
1;Enea;m;1
1;Esraa;w;1
1;Eneas;m;1
1;Esrin;w;1
1;Eneko;m;1
1;Estell;w;1
1;Enio;m;1
1;Estelle;w;1
1;Ennio;m;1
1;Esther;w;1
1;Enrico;m;1
1;Evelin;w;1
1;Enu;m;1
1;Eveline;w;1
1;Enver;m;1
1;Evelyn;w;1
1;Enzo;m;1
1;Evelyn-Antonia;w;1
1;Ephraim;m;1
1;Everi;w;1
1;Ersan;m;1
1;Evina;w;1
1;Ertugrul;m;1
1;Ewa;w;1
1;Es-Eldin;m;1
1;Ewelina;w;1
1;Essa;m;1
1;Eylem;w;1
1;Etienne;m;1
1;Eylül;w;1
1;Eto;m;1
1;Eyzu;w;1
1;Evanas;m;1
1;Eyşan;w;1
1;Ezra;m;1
1;Ezgi;w;1
1;Fabritio;m;1
1;Fabienne;w;1
1;Falk;m;1
1;Faiha;w;1
1;Farbod;m;1
1;Fanny;w;1
1;Fares;m;1
1;Fatıma;w;1
1;Farouk;m;1
1;Fatimah;w;1
1;Fatih;m;1
1;Fatma;w;1
1;Fatlum;m;1
1;Feli;w;1
1;Fatmir;m;1
1;Feline;w;1
1;Fedli;m;1
1;Felisa;w;1
1;Fernando;m;1
1;Feride;w;1
1;Ferris;m;1
1;Fina;w;1
1;Fil;m;1
1;Fine;w;1
1;Finian;m;1
1;Finya;w;1
1;Finjan;m;1
1;Fleur;w;1
1;Finjo;m;1
1;Florentina;w;1
1;Finn-Frederik;m;1
1;Florentine;w;1
1;Fırat;m;1
1;Florice;w;1
1;Fjodor;m;1
1;Flourish;w;1
1;Florin;m;1
1;Flóra;w;1
1;Floris;m;1
1;Fotini;w;1
1;Francisco;m;1
1;Franca;w;1
1;Franciszek;m;1
1;Franka;w;1
1;Fred;m;1
1;Fredericke;w;1
1;Frederick;m;1
1;Freja;w;1
1;Fridolin;m;1
1;Funda;w;1
1;Furat;m;1
1;Gasal;w;1
1;Furkan;m;1
1;Georgiana;w;1
1;Gabrijel;m;1
1;Gesa;w;1
1;Gad;m;1
1;Ghadir;w;1
1;Gais;m;1
1;Ginevra;w;1
1;Gaith;m;1
1;Giselle;w;1
1;Gajendra;m;1
1;Giulina;w;1
1;Galliano;m;1
1;Gurmandeep;w;1
1;Gani;m;1
1;Gwen;w;1
1;Gauad;m;1
1;Ha;w;1
1;Gentian;m;1
1;Hadis;w;1
1;Georg;m;1
1;Hafsa;w;1
1;Georgios;m;1
1;Haifa;w;1
1;Gheorghi;m;1
1;Hala;w;1
1;Gianluca;m;1
1;Hanadi;w;1
1;Gioele;m;1
1;Hanin;w;1
1;Giorgio;m;1
1;Hanna-Lina;w;1
1;Giuliano;m;1
1;Happy;w;1
1;Go;m;1
1;Harley;w;1
1;Golden-God;m;1
1;Hassanatou;w;1
1;Gregor;m;1
1;Hayat;w;1
1;Grischka;m;1
1;Haylee;w;1
1;Guan;m;1
1;Hayley;w;1
1;Gunnar;m;1
1;Heba;w;1
1;Guo-Zheng;m;1
1;Hedwig;w;1
1;Habib;m;1
1;Heelena;w;1
1;Hajar;m;1
1;Helin;w;1
1;Hajo;m;1
1;Helya;w;1
1;Hakam;m;1
1;Helén;w;1
1;Halid;m;1
1;Henny;w;1
1;Halil;m;1
1;Henriette;w;1
1;Halvar;m;1
1;Henrike;w;1
1;Harry;m;1
1;Hermine;w;1
1;Harun;m;1
1;Hiba;w;1
1;Hauke;m;1
1;Hifa;w;1
1;Hazir;m;1
1;Hila;w;1
1;Hektor;m;1
1;Hilla;w;1
1;Helge;m;1
1;Hilola;w;1
1;Henk;m;1
1;Holly;w;1
1;Henning;m;1
1;Hyam;w;1
1;Henryk;m;1
1;Hüma;w;1
1;Henryk-Josua;m;1
1;Iclal;w;1
1;Hizir;m;1
1;Ihemyorochukwu;w;1
1;Hotte;m;1
1;Ikar;w;1
1;Iason;m;1
1;Ikra;w;1
1;İbrahim;m;1
1;İkranur;w;1
1;Ibrahima;m;1
1;Ilary;w;1
1;Idas;m;1
1;Iley;w;1
1;Igor;m;1
1;Ileyza;w;1
1;Ihsan;m;1
1;India;w;1
1;Ijeoma;m;1
1;Indra;w;1
1;Ila;m;1
1;Inga;w;1
1;Ilaija;m;1
1;Ioana;w;1
1;Ilhan;m;1
1;Ipek;w;1
1;Iliya;m;1
1;Iris;w;1
1;İlkay-Tuncer;m;1
1;Irma;w;1
1;İlter;m;1
1;Irmak;w;1
1;Ilya;m;1
1;Isa-Lou;w;1
1;Imari;m;1
1;Isabell;w;1
1;Immanuel;m;1
1;Isemay;w;1
1;Inan;m;1
1;Issraa;w;1
1;Ioane;m;1
1;Iulie;w;1
1;Irfan;m;1
1;Ivania;w;1
1;İrfan;m;1
1;Ivi;w;1
1;Isa-Dağistan;m;1
1;Ivie;w;1
1;Ishan;m;1
1;Izzah;w;1
1;Ismael;m;1
1;Jade;w;1
1;Israel;m;1
1;Jaina;w;1
1;Ivan;m;1
1;Jamila;w;1
1;Ivo;m;1
1;Janin;w;1
1;Iván;m;1
1;Jannika;w;1
1;Iyad-Ghazi;m;1
1;Jannis;w;1
1;Iyed;m;1
1;Jasmim;w;1
1;Jaber;m;1
1;Jassmin;w;1
1;Jad-Prince;m;1
1;Jean;w;1
1;Jahmil;m;1
1;Jeanne;w;1
1;Jaku;m;1
1;Jella;w;1
1;Jalal;m;1
1;Jemima;w;1
1;Jamen;m;1
1;Jenna;w;1
1;Jamie;m;1
1;Jereen;w;1
1;Jamil;m;1
1;Jiya;w;1
1;Jan-Henrik;m;1
1;Joemi;w;1
1;Janek;m;1
1;Jofie;w;1
1;Jano;m;1
1;Johanni;w;1
1;Jarek;m;1
1;Joleen;w;1
1;Jari;m;1
1;Jolie;w;1
1;Jarik;m;1
1;Jolien;w;1
1;Jarno;m;1
1;Joline;w;1
1;Jasin;m;1
1;Jona;w;1
1;Jason;m;1
1;Jora;w;1
1;Javo;m;1
1;Joreen;w;1
1;Jawad;m;1
1;Jorike;w;1
1;Jayce;m;1
1;Josefin;w;1
1;Jaycob;m;1
1;Josephin;w;1
1;Jayden;m;1
1;Josy;w;1
1;Jean-Paul;m;1
1;Joséphine;w;1
1;Jebril;m;1
1;Joud;w;1
1;Jed;m;1
1;Jouri;w;1
1;Jedidiah;m;1
1;Joury;w;1
1;Jenke;m;1
1;Juana;w;1
1;Jeremy;m;1
1;Judi;w;1
1;Jerome;m;1
1;Judith;w;1
1;Jesper;m;1
1;Jule;w;1
1;Jibrael;m;1
1;Julika;w;1
1;Jin;m;1
1;Julina;w;1
1;Johannis;m;1
1;July;w;1
1;Johnny;m;1
1;Jumana;w;1
1;Jonne;m;1
1;June;w;1
1;Jorek;m;1
1;Juno;w;1
1;Jorik;m;1
1;Ka;w;1
1;Joscha;m;1
1;Kaja;w;1
1;Joschi;m;1
1;Kalea;w;1
1;Josua;m;1
1;Kalina;w;1
1;José;m;1
1;Kalisa;w;1
1;Juan;m;1
1;Kaltume;w;1
1;Juliana;m;1
1;Kamila;w;1
1;Julien;m;1
1;Kanika;w;1
1;Julijan;m;1
1;Kanita;w;1
1;Junes;m;1
1;Karina;w;1
1;Junus;m;1
1;Karis;w;1
1;Justis;m;1
1;Karlotta;w;1
1;Juval;m;1
1;Katarina;w;1
1;Jyad;m;1
1;Kate;w;1
1;Kadir;m;1
1;Katherina;w;1
1;Kaito;m;1
1;Katinka;w;1
1;Kalab;m;1
1;Kaya;w;1
1;Kamber;m;1
1;Kayra;w;1
1;Kamil;m;1
1;Khadija;w;1
1;Karam;m;1
1;Khawla;w;1
1;Kareem;m;1
1;Kiara-Affiong;w;1
1;Karl-Jonathan;m;1
1;Kim;w;1
1;Kartik;m;1
1;Kimberley;w;1
1;Kasim;m;1
1;Kimia;w;1
1;Kaspar;m;1
1;Kornelia;w;1
1;Kayhan;m;1
1;Kremena;w;1
1;Kazimierz;m;1
1;Krista;w;1
1;Keanu;m;1
1;Kristina;w;1
1;Kenny;m;1
1;Käthe;w;1
1;Kenzo;m;1
1;Kübra;w;1
1;Kepa;m;1
1;Laetitia;w;1
1;Keyan;m;1
1;Laia;w;1
1;Khalil;m;1
1;Lailani;w;1
1;Khan;m;1
1;Larisa;w;1
1;Kimi;m;1
1;Laska;w;1
1;Kiril;m;1
1;Latrisha;w;1
1;Kiru;m;1
1;Lavina;w;1
1;Kit;m;1
1;Layota`h;w;1
1;Kizua;m;1
1;Layun;w;1
1;Klaas;m;1
1;Leana;w;1
1;Kolja;m;1
1;Leen;w;1
1;Kolo;m;1
1;Lehana;w;1
1;Konny;m;1
1;Leilani;w;1
1;Koray;m;1
1;Lejla;w;1
1;Kornel;m;1
1;Lelane;w;1
1;Krasimir;m;1
1;Lelia;w;1
1;Kristian;m;1
1;Lenia;w;1
1;Krystian;m;1
1;Lennya;w;1
1;Ksawery;m;1
1;Lenya;w;1
1;Kubilay;m;1
1;Leonie-Sophie;w;1
1;Kurdo;m;1
1;Leonor;w;1
1;Kusai;m;1
1;Leonore;w;1
1;Kuzeykan;m;1
1;Leposava;w;1
1;Laeith;m;1
1;Letizia;w;1
1;Laith;m;1
1;Letti;w;1
1;Lars;m;1
1;Levke;w;1
1;Latif;m;1
1;Lia-Sophie;w;1
1;Laurenz;m;1
1;Liah;w;1
1;Laurin;m;1
1;Licia;w;1
1;Lawand;m;1
1;Lida;w;1
1;Lawran;m;1
1;Lieke;w;1
1;Layth;m;1
1;Liel-Sophia;w;1
1;Ledion;m;1
1;Lila;w;1
1;Ledri;m;1
1;Liliya;w;1
1;Lemar;m;1
1;Lillia;w;1
1;Lenn;m;1
1;Lilly-Tamina;w;1
1;Lennert;m;1
1;Lina-Su;w;1
1;Lenni;m;1
1;Linde;w;1
1;Lenz;m;1
1;Lineah;w;1
1;Leonel;m;1
1;Linnea;w;1
1;Leonis;m;1
1;Liossa;w;1
1;Leto;m;1
1;Liselotte;w;1
1;Leve;m;1
1;Liva;w;1
1;Levian;m;1
1;Liya-Enissa;w;1
1;Levy;m;1
1;Liyana;w;1
1;Lewin;m;1
1;Liyana-Mediva;w;1
1;Leyan;m;1
1;Liyya;w;1
1;León;m;1
1;Liza;w;1
1;Liam-Alexander;m;1
1;Lizbeth;w;1
1;Liano;m;1
1;Lonie-Lou;w;1
1;Lias;m;1
1;Lordina;w;1
1;Lijan;m;1
1;Loredana;w;1
1;Linnéo;m;1
1;Lorisa;w;1
1;Lion;m;1
1;Lotti;w;1
1;Liron;m;1
1;Louisa-Joline;w;1
1;Lloyd;m;1
1;Louna;w;1
1;Loméo;m;1
1;Lovis;w;1
1;Loran;m;1
1;Lu;w;1
1;Lorenz;m;1
1;Lucia-Lieselotte;w;1
1;Loris;m;1
1;Lucie;w;1
1;Louan;m;1
1;Lucía;w;1
1;Louie;m;1
1;Luise-Victoria;w;1
1;Louis-Anthony;m;1
1;Lujaina;w;1
1;Loukia;m;1
1;Lula;w;1
1;Lounes;m;1
1;Luza;w;1
1;Luciano;m;1
1;Lydia;w;1
1;Ludwig;m;1
1;Lykka;w;1
1;Luey;m;1
1;Madina;w;1
1;Luk;m;1
1;Mai;w;1
1;Lukman;m;1
1;Mai-Ly;w;1
1;Lunis;m;1
1;Maia;w;1
1;Lusion;m;1
1;Maida;w;1
1;Lux;m;1
1;Mailieen;w;1
1;Luz;m;1
1;Maira;w;1
1;Léan;m;1
1;Maisie;w;1
1;Léo;m;1
1;Maiss;w;1
1;Léon;m;1
1;Maisy;w;1
1;Maaz;m;1
1;Mala;w;1
1;Maddox;m;1
1;Malaika;w;1
1;Magd;m;1
1;Malena;w;1
1;Mahmut;m;1
1;Maliah;w;1
1;Mailo;m;1
1;Malie;w;1
1;Maksim;m;1
1;Malika;w;1
1;Maleo;m;1
1;Malisha;w;1
1;Malte;m;1
1;Malu;w;1
1;Malwin;m;1
1;Manasik;w;1
1;Mamoun;m;1
1;Maneli;w;1
1;Manaia;m;1
1;Manessa;w;1
1;Marc;m;1
1;Manisa;w;1
1;Marcelo-Yakez;m;1
1;Manuel;w;1
1;Marcos;m;1
1;Marah;w;1
1;Marcus;m;1
1;Marceline;w;1
1;Marek;m;1
1;Maren;w;1
1;Mario;m;1
1;Margarete;w;1
1;Marko;m;1
1;Margarethe;w;1
1;Markus;m;1
1;Mariana;w;1
1;Marlin;m;1
1;Marianna;w;1
1;Marlo;m;1
1;Marijela;w;1
1;Marlowe;m;1
1;Maris;w;1
1;Maro;m;1
1;Marita;w;1
1;Marten;m;1
1;Martina;w;1
1;Marti;m;1
1;Marylou-Summer;w;1
1;Martino;m;1
1;Marylu;w;1
1;Martí;m;1
1;Masa;w;1
1;Marvi;m;1
1;Mascha;w;1
1;Marwin;m;1
1;Massa;w;1
1;Mason;m;1
1;Mathea;w;1
1;Matai;m;1
1;Mathilde;w;1
1;Mathis-Lev;m;1
1;Mavi;w;1
1;Mathèo;m;1
1;Maxine;w;1
1;Mati;m;1
1;Mayara;w;1
1;Matteo-Emilio;m;1
1;Mayla;w;1
1;Matteo-René;m;1
1;Maylina;w;1
1;Matthew;m;1
1;Maëlle;w;1
1;Matthis;m;1
1;Maša;w;1
1;Matthäus;m;1
1;Melia;w;1
1;Mattis-Moritz;m;1
1;Meliha;w;1
1;Matysek;m;1
1;Melinda;w;1
1;Matéo;m;1
1;Melis;w;1
1;Maurizio;m;1
1;Meriam;w;1
1;Maximillian;m;1
1;Merve;w;1
1;Maxím;m;1
1;Mervet;w;1
1;Mayson;m;1
1;Meryem-Betül;w;1
1;Mazen;m;1
1;Metteyya;w;1
1;Maël;m;1
1;Mia-Alexandra;w;1
1;Mees;m;1
1;Mia-Jolie;w;1
1;Mehdi;m;1
1;Michaela;w;1
1;Melid;m;1
1;Michalina;w;1
1;Melvin;m;1
1;Mila-Sophie;w;1
1;Memet;m;1
1;Milah;w;1
1;Menua;m;1
1;Milana;w;1
1;Meo-Finn;m;1
1;Mileyna;w;1
1;Mervan;m;1
1;Milika;w;1
1;Mete;m;1
1;Minea;w;1
1;Metin;m;1
1;Minnara;w;1
1;Meysam;m;1
1;Minou;w;1
1;Michel;m;1
1;Mirah;w;1
1;Michele;m;1
1;Mirna;w;1
1;Midas;m;1
1;Miroslava;w;1
1;Mikaîl;m;1
1;Misha;w;1
1;Miko;m;1
1;Mislina;w;1
1;Mikołaj;m;1
1;Morea;w;1
1;Mikuláš;m;1
1;Moya;w;1
1;Milan-Alessio;m;1
1;Moéna;w;1
1;Miljan;m;1
1;Muda;w;1
1;Milkiyas;m;1
1;Myriam;w;1
1;Minho;m;1
1;Mîra;w;1
1;Mion;m;1
1;Müjgan;w;1
1;Mirai;m;1
1;Nadejda;w;1
1;Miraç;m;1
1;Nadia;w;1
1;Mirek;m;1
1;Nadischa;w;1
1;Miro;m;1
1;Naemi;w;1
1;Mirza;m;1
1;Nagisa;w;1
1;Mohamed-Ali;m;1
1;Nahely;w;1
1;Mohammad-Ali;m;1
1;Najla;w;1
1;Mohinder;m;1
1;Nalan;w;1
1;Mohssen;m;1
1;Nameeka;w;1
1;Moise;m;1
1;Namira;w;1
1;Moritz-Levi;m;1
1;Nara;w;1
1;Mory;m;1
1;Natalia;w;1
1;Moses;m;1
1;Natalija;w;1
1;Mouhamed;m;1
1;Naya;w;1
1;Mounir;m;1
1;Nazlı;w;1
1;Moussa;m;1
1;Naïma;w;1
1;Muaz;m;1
1;Neeltje;w;1
1;Mueteheno;m;1
1;Nefeli;w;1
1;Muhammad-Issa;m;1
1;Neha;w;1
1;Muhsin;m;1
1;Nela;w;1
1;Mussa;m;1
1;Nelli;w;1
1;Mylow;m;1
1;Nelly;w;1
1;Naeem;m;1
1;Nene;w;1
1;Nahid;m;1
1;Nergiz;w;1
1;Nana;m;1
1;Neria;w;1
1;Nasser;m;1
1;Neva;w;1
1;Navid;m;1
1;Neval;w;1
1;Nazeer;m;1
1;Neyla;w;1
1;Nazim;m;1
1;Nhyira;w;1
1;Neal;m;1
1;Nia;w;1
1;Nebi;m;1
1;Nico;w;1
1;Nelio;m;1
1;Nicole;w;1
1;Neo;m;1
1;Nicoleta;w;1
1;Nesta;m;1
1;Nida;w;1
1;Neville;m;1
1;Nihal;w;1
1;Nevin;m;1
1;Nikol;w;1
1;Nevis;m;1
1;Nikoleta;w;1
1;Nećad;m;1
1;Nila-Sophia;w;1
1;Niam;m;1
1;Nilah;w;1
1;Nias;m;1
1;Nilda;w;1
1;Nicanor;m;1
1;Nisha;w;1
1;Niccolò;m;1
1;Noam;w;1
1;Nick;m;1
1;Noela;w;1
1;Nicklas;m;1
1;Nola;w;1
1;Nicola;m;1
1;Noor;w;1
1;Nicolai;m;1
1;Norah;w;1
1;Nicolás;m;1
1;Nova;w;1
1;Nicolò;m;1
1;Nuela;w;1
1;Nikitas;m;1
1;Nur;w;1
1;Niko;m;1
1;Nuray;w;1
1;Nikola;m;1
1;Nuri;w;1
1;Nikolai;m;1
1;Núria;w;1
1;Nikoloz;m;1
1;Octavia;w;1
1;Nilson;m;1
1;Olivera;w;1
1;Nizar;m;1
1;Oliwia;w;1
1;Noam;m;1
1;Oona;w;1
1;Noar;m;1
1;Orla;w;1
1;Nobu;m;1
1;Oyu;w;1
1;Norwin;m;1
1;Paloma;w;1
1;Noy;m;1
1;Pari;w;1
1;Noyan;m;1
1;Parnian;w;1
1;Noélan;m;1
1;Patil;w;1
1;Noël;m;1
1;Pawan;w;1
1;Nurul;m;1
1;Philina;w;1
1;Oday;m;1
1;Philippa;w;1
1;Olaf;m;1
1;Phoebe;w;1
1;Oska;m;1
1;Pina;w;1
1;Osman;m;1
1;Piya;w;1
1;Otho;m;1
1;Polly;w;1
1;Otto;m;1
1;Pullen;w;1
1;Ousman;m;1
1;Purity;w;1
1;Ouwais;m;1
1;Rabia;w;1
1;Pablo;m;1
1;Rafaela;w;1
1;Parker;m;1
1;Ragna;w;1
1;Paul-Finnegan;m;1
1;Ranim;w;1
1;Paul-Patrick;m;1
1;Rauan;w;1
1;Paule;m;1
1;Ravza;w;1
1;Pepe;m;1
1;Rawan;w;1
1;Per;m;1
1;Rebeca;w;1
1;Petros;m;1
1;Rejoice;w;1
1;Phil;m;1
1;Resi;w;1
1;Phoenix;m;1
1;Retal;w;1
1;Phumtham;m;1
1;Reyhan;w;1
1;Pieter;m;1
1;Riana;w;1
1;Piyathat;m;1
1;Richelle;w;1
1;Platon;m;1
1;Riem;w;1
1;Pontus;m;1
1;Riham;w;1
1;Poyraz;m;1
1;Rihan;w;1
1;Qais;m;1
1;Rihanne;w;1
1;Qusay;m;1
1;Rike;w;1
1;Quốc;m;1
1;Rim;w;1
1;Raffael;m;1
1;Rinad;w;1
1;Rahim-Riza;m;1
1;Robin;w;1
1;Ramazan;m;1
1;Robyn;w;1
1;Ramon;m;1
1;Rogaia;w;1
1;Raphaèl;m;1
1;Rola;w;1
1;Rasmus;m;1
1;Ronica;w;1
1;Rayhan;m;1
1;Ronja;w;1
1;Raymond;m;1
1;Rosemarie;w;1
1;Reda;m;1
1;Rosie;w;1
1;Redjep;m;1
1;Roxana;w;1
1;Rehan;m;1
1;Roxy;w;1
1;Remus;m;1
1;Rubie;w;1
1;Reto;m;1
1;Runa;w;1
1;Reyansh;m;1
1;Ruth;w;1
1;Ricardo;m;1
1;Ruwaida;w;1
1;Rico;m;1
1;Ruweyda;w;1
1;Rida;m;1
1;Rúna;w;1
1;Ridha;m;1
1;Sabrina;w;1
1;Rion;m;1
1;Sadna;w;1
1;Robel;m;1
1;Safia;w;1
1;Robert-Yanis;m;1
1;Safira;w;1
1;Rohat;m;1
1;Safiyya;w;1
1;Rojhat;m;1
1;Sahla;w;1
1;Romeo;m;1
1;Sahraa;w;1
1;Ron;m;1
1;Saliha;w;1
1;Roni;m;1
1;Salma;w;1
1;Rui;m;1
1;Samaa;w;1
1;Rumo;m;1
1;Samiya;w;1
1;Ryan;m;1
1;Sanaa;w;1
1;Ryō;m;1
1;Sanam;w;1
1;Saad;m;1
1;Sanaya;w;1
1;Saber;m;1
1;Sandra;w;1
1;Sabian;m;1
1;Saniya;w;1
1;Sabri;m;1
1;Sansa;w;1
1;Sahil;m;1
1;Sare;w;1
1;Saied;m;1
1;Sascha;w;1
1;Salahuddin;m;1
1;Sashmika;w;1
1;Saleef;m;1
1;Saskia;w;1
1;Saleh;m;1
1;Saulė;w;1
1;Sali;m;1
1;Saya;w;1
1;Salih;m;1
1;Sayera;w;1
1;Salim;m;1
1;Sejda;w;1
1;Samu;m;1
1;Selena;w;1
1;Samí;m;1
1;Selly;w;1
1;San;m;1
1;Selmy;w;1
1;Sander;m;1
1;Senia;w;1
1;Sanu;m;1
1;Serafina;w;1
1;Sarp;m;1
1;Seraina;w;1
1;Savaş;m;1
1;Sevilya;w;1
1;Sayed;m;1
1;Sevim;w;1
1;Sayedna;m;1
1;Sewar;w;1
1;Schechmus;m;1
1;Shama;w;1
1;Sefa;m;1
1;Shames;w;1
1;Sem;m;1
1;Shauq;w;1
1;Semir;m;1
1;Shoshana;w;1
1;Seppo;m;1
1;Shruti;w;1
1;Seyed;m;1
1;Shulin;w;1
1;Seyhan;m;1
1;Siara;w;1
1;Seyyid;m;1
1;Sienna;w;1
1;Seyyid-Gökhan;m;1
1;Sıla;w;1
1;Shajilesh;m;1
1;Silvana;w;1
1;Shane;m;1
1;Sinem;w;1
1;Shezin;m;1
1;Sinja;w;1
1;Sidy;m;1
1;Smilla;w;1
1;Siem;m;1
1;Sofie;w;1
1;Silas;m;1
1;Sofiia;w;1
1;Simón;m;1
1;Sofija;w;1
1;Sirac;m;1
1;Sofía;w;1
1;Slobodan;m;1
1;Sogand;w;1
1;Sofian-Emin;m;1
1;Soi;w;1
1;Sophan;m;1
1;Soley;w;1
1;Souleymane;m;1
1;Solomia;w;1
1;Stepan;m;1
1;Solyana;w;1
1;Steve;m;1
1;Sonja;w;1
1;Steven;m;1
1;Sonya;w;1
1;Stian;m;1
1;Sophia-Maria;w;1
1;Stuart;m;1
1;Sora;w;1
1;Stéfan;m;1
1;Soraia;w;1
1;Sufyan;m;1
1;Soraya;w;1
1;Suhaib;m;1
1;Souad;w;1
1;Suleiman;m;1
1;Sozhin;w;1
1;Sultan;m;1
1;Soé;w;1
1;Szymon;m;1
1;Stella;w;1
1;Taavi;m;1
1;Stella-Lorin;w;1
1;Tadeo;m;1
1;Sumea;w;1
1;Tae-Han;m;1
1;Sumejja;w;1
1;Tahir;m;1
1;Sumeyya;w;1
1;Taio;m;1
1;Suna;w;1
1;Takeo;m;1
1;Susan;w;1
1;Tamio;m;1
1;Susanna;w;1
1;Tamme;m;1
1;Susanne;w;1
1;Taner;m;1
1;Suvi;w;1
1;Tanne;m;1
1;Suzan;w;1
1;Tansen;m;1
1;Suzuko;w;1
1;Tarek;m;1
1;Svea;w;1
1;Tarik;m;1
1;Sânziana;w;1
1;Taro;m;1
1;Süheda;w;1
1;Tavian;m;1
1;Sümeya;w;1
1;Taylan;m;1
1;Sündüz;w;1
1;Teo;m;1
1;Tabea;w;1
1;Teoman;m;1
1;Tabitha;w;1
1;Tewodros;m;1
1;Tais;w;1
1;Thaddeus;m;1
1;Taj;w;1
1;Thees;m;1
1;Tali;w;1
1;Theon;m;1
1;Talyn;w;1
1;Thomes;m;1
1;Tamina;w;1
1;Thorin;m;1
1;Tamu;w;1
1;Tiam;m;1
1;Tanisha;w;1
1;Tibor;m;1
1;Tara;w;1
1;Timofej;m;1
1;Tasnim;w;1
1;Timofejs;m;1
1;Tatjana;w;1
1;Timofey;m;1
1;Taya;w;1
1;Timon;m;1
1;Taymia;w;1
1;Timotheus;m;1
1;Tayri;w;1
1;Timuçin;m;1
1;Tekla;w;1
1;Tinko;m;1
1;Tena;w;1
1;Tino;m;1
1;Theda;w;1
1;Tiêń;m;1
1;Theia;w;1
1;Tjade;m;1
1;Thūy;w;1
1;Tjard;m;1
1;Thị;w;1
1;Tjark;m;1
1;Tia;w;1
1;Tjarven;m;1
1;Tilia;w;1
1;Tolga;m;1
1;Tjara;w;1
1;Tomeu;m;1
1;Toka;w;1
1;Tommi;m;1
1;Tom;w;1
1;Tommy;m;1
1;Torvi;w;1
1;Treyven;m;1
1;Trâm;w;1
1;Tristán;m;1
1;Tuana;w;1
1;Trọng;m;1
1;Tula;w;1
1;Tuna;m;1
1;Uma;w;1
1;Turan;m;1
1;Veda;w;1
1;Tymon;m;1
1;Veronika;w;1
1;Tyrese;m;1
1;Victory;w;1
1;Tyrique;m;1
1;Vildan;w;1
1;Tyron;m;1
1;Viona;w;1
1;Ulaş;m;1
1;Virginia;w;1
1;Valentino;m;1
1;Vrihati;w;1
1;Valerian;m;1
1;Wanja;w;1
1;Vasile;m;1
1;Wiktoria;w;1
1;Vassili;m;1
1;Wilhelmine;w;1
1;Veysel;m;1
1;Wynne;w;1
1;Vide;m;1
1;Xamara;w;1
1;Vinzent;m;1
1;Xezal;w;1
1;Vito;m;1
1;Yael;w;1
1;Vitus;m;1
1;Yaren;w;1
1;Vlad;m;1
1;Yasemin;w;1
1;Vlado;m;1
1;Yağmur-Nisa;w;1
1;Vu;m;1
1;Yekta;w;1
1;Vukašin;m;1
1;Yıldız;w;1
1;Vũ;m;1
1;Ylvie;w;1
1;Waddah;m;1
1;Yoomee;w;1
1;Wafo;m;1
1;Youssra;w;1
1;Ward;m;1
1;Yumi;w;1
1;Wendelin;m;1
1;Zaara;w;1
1;Wes;m;1
1;Zafiya;w;1
1;Wiktor;m;1
1;Zainab;w;1
1;Wilhelm;m;1
1;Zaineb;w;1
1;Willem;m;1
1;Zana;w;1
1;Willi;m;1
1;Zaylee;w;1
1;Willm;m;1
1;Zaynab;w;1
1;Wisdom;m;1
1;Zeinab;w;1
1;Wissam;m;1
1;Ziva;w;1
1;Wyatt-Tadhg;m;1
1;Ziyi;w;1
1;Xaver;m;1
1;Zoey;w;1
1;Xaver-Lennet;m;1
1;Zora;w;1
1;Yafes;m;1
1;Ángela;w;1
1;Yago;m;1
1;Élaine;w;1
1;Yahya;m;1
1;Élodie;w;1
1;Yamen;m;1
1;Şevval;w;1
1;Yann-Cédric;m;1
1;Şilan;w;1
1;Yari;m;1
1;Yaron;m;1
1;Yaseen;m;1
1;Yasin-Kamil;m;1
1;Yassen;m;1
1;Yasser;m;1
1;Yeiden;m;1
1;Yekta;m;1
1;Yeonu;m;1
1;Yigit-Efe;m;1
1;Yildiray;m;1
1;Yiğit-Kemal;m;1
1;Yiğithan-Miran;m;1
1;Yona;m;1
1;Yool;m;1
1;Younis;m;1
1;Yru;m;1
1;Yuliyan;m;1
1;Yunam;m;1
1;Yunes;m;1
1;Yusef;m;1
1;Zackary;m;1
1;Zaidoun;m;1
1;Zayd;m;1
1;Zechariah;m;1
1;Zeid;m;1
1;Zeno;m;1
1;Zeus;m;1
1;Ziad;m;1
1;Zinaldin;m;1
1;Zineddin;m;1
1;Zixuan;m;1
1;Ziyad;m;1
1;Zora;m;1
1;Zudeis;m;1
1;Zuheir;m;1
1;Zulfikar;m;1
1;Çağatay;m;1
1;Çinar;m;1
1;Ümmet;m;1
1;Şükrü;m;1
